2026-01-25 04:39:54.526 [DubboMetadataReportTimer-thread-1] INFO  o.a.dubbo.metadata.store.nacos.NacosMetadataReport:71 -  [DUBBO] start to publish all metadata., dubbo version: 3.3.0, current host: 10.30.30.97
2026-01-25 10:16:23.955 [com.alibaba.nacos.client.remote.worker.1] INFO  com.alibaba.nacos.common.remote.client:63 - [186ef5d9-938e-451e-a735-887fe162fb60_config-0] Server healthy check fail, currentConnection = 1769084747301_10.30.30.97_56138
2026-01-25 10:16:23.980 [com.alibaba.nacos.client.remote.worker.1] INFO  com.alibaba.nacos.common.remote.client:63 - [186ef5d9-938e-451e-a735-887fe162fb60_config-0] Try to reconnect to a new server, server is  not appointed, will choose a random server.
2026-01-25 10:16:23.988 [com.alibaba.nacos.client.remote.worker.1] INFO  c.a.nacos.common.remote.client.grpc.GrpcClient:210 - grpc client connection server:10.0.15.26 ip,serverPort:9848,grpcTslConfig:{"sslProvider":"","enableTls":false,"mutualAuthEnable":false,"trustAll":false}
2026-01-25 10:16:24.073 [com.alibaba.nacos.client.remote.worker.1] ERROR c.a.nacos.common.remote.client.grpc.GrpcClient:102 - Server check fail, please check server 10.0.15.26 ,port 9848 is available , error ={}
java.util.concurrent.ExecutionException: com.alibaba.nacos.shaded.io.grpc.StatusRuntimeException: UNAVAILABLE: io exception
	at com.alibaba.nacos.shaded.com.google.common.util.concurrent.AbstractFuture.getDoneValue(AbstractFuture.java:592)
	at com.alibaba.nacos.shaded.com.google.common.util.concurrent.AbstractFuture.get(AbstractFuture.java:467)
	at com.alibaba.nacos.common.remote.client.grpc.GrpcClient.serverCheck(GrpcClient.java:243)
	at com.alibaba.nacos.common.remote.client.grpc.GrpcClient.connectToServer(GrpcClient.java:367)
	at com.alibaba.nacos.common.remote.client.RpcClient.reconnect(RpcClient.java:502)
	at com.alibaba.nacos.common.remote.client.RpcClient.lambda$start$1(RpcClient.java:329)
	at java.base/java.util.concurrent.Executors$RunnableAdapter.call(Executors.java:539)
	at java.base/java.util.concurrent.FutureTask.run(FutureTask.java:264)
	at java.base/java.util.concurrent.ScheduledThreadPoolExecutor$ScheduledFutureTask.run(ScheduledThreadPoolExecutor.java:304)
	at java.base/java.util.concurrent.ThreadPoolExecutor.runWorker(ThreadPoolExecutor.java:1136)
	at java.base/java.util.concurrent.ThreadPoolExecutor$Worker.run(ThreadPoolExecutor.java:635)
	at java.base/java.lang.Thread.run(Thread.java:842)
Caused by: com.alibaba.nacos.shaded.io.grpc.StatusRuntimeException: UNAVAILABLE: io exception
	at com.alibaba.nacos.shaded.io.grpc.Status.asRuntimeException(Status.java:537)
	at com.alibaba.nacos.shaded.io.grpc.stub.ClientCalls$UnaryStreamToFuture.onClose(ClientCalls.java:548)
	at com.alibaba.nacos.shaded.io.grpc.internal.DelayedClientCall$DelayedListener$3.run(DelayedClientCall.java:489)
	at com.alibaba.nacos.shaded.io.grpc.internal.DelayedClientCall$DelayedListener.delayOrExecute(DelayedClientCall.java:453)
	at com.alibaba.nacos.shaded.io.grpc.internal.DelayedClientCall$DelayedListener.onClose(DelayedClientCall.java:486)
	at com.alibaba.nacos.shaded.io.grpc.internal.ClientCallImpl.closeObserver(ClientCallImpl.java:567)
	at com.alibaba.nacos.shaded.io.grpc.internal.ClientCallImpl.access$300(ClientCallImpl.java:71)
	at com.alibaba.nacos.shaded.io.grpc.internal.ClientCallImpl$ClientStreamListenerImpl$1StreamClosed.runInternal(ClientCallImpl.java:735)
	at com.alibaba.nacos.shaded.io.grpc.internal.ClientCallImpl$ClientStreamListenerImpl$1StreamClosed.runInContext(ClientCallImpl.java:716)
	at com.alibaba.nacos.shaded.io.grpc.internal.ContextRunnable.run(ContextRunnable.java:37)
	at com.alibaba.nacos.shaded.io.grpc.internal.SerializingExecutor.run(SerializingExecutor.java:133)
	... 3 common frames omitted
Caused by: com.alibaba.nacos.shaded.io.grpc.netty.shaded.io.netty.channel.AbstractChannel$AnnotatedNoRouteToHostException: No route to host: no further information: /10.0.15.26:9848
Caused by: java.net.NoRouteToHostException: No route to host: no further information
	at java.base/sun.nio.ch.Net.pollConnect(Native Method)
	at java.base/sun.nio.ch.Net.pollConnectNow(Net.java:672)
	at java.base/sun.nio.ch.SocketChannelImpl.finishConnect(SocketChannelImpl.java:946)
	at com.alibaba.nacos.shaded.io.grpc.netty.shaded.io.netty.channel.socket.nio.NioSocketChannel.doFinishConnect(NioSocketChannel.java:337)
	at com.alibaba.nacos.shaded.io.grpc.netty.shaded.io.netty.channel.nio.AbstractNioChannel$AbstractNioUnsafe.finishConnect(AbstractNioChannel.java:334)
	at com.alibaba.nacos.shaded.io.grpc.netty.shaded.io.netty.channel.nio.NioEventLoop.processSelectedKey(NioEventLoop.java:776)
	at com.alibaba.nacos.shaded.io.grpc.netty.shaded.io.netty.channel.nio.NioEventLoop.processSelectedKeysOptimized(NioEventLoop.java:724)
	at com.alibaba.nacos.shaded.io.grpc.netty.shaded.io.netty.channel.nio.NioEventLoop.processSelectedKeys(NioEventLoop.java:650)
	at com.alibaba.nacos.shaded.io.grpc.netty.shaded.io.netty.channel.nio.NioEventLoop.run(NioEventLoop.java:562)
	at com.alibaba.nacos.shaded.io.grpc.netty.shaded.io.netty.util.concurrent.SingleThreadEventExecutor$4.run(SingleThreadEventExecutor.java:997)
	at com.alibaba.nacos.shaded.io.grpc.netty.shaded.io.netty.util.internal.ThreadExecutorMap$2.run(ThreadExecutorMap.java:74)
	at com.alibaba.nacos.shaded.io.grpc.netty.shaded.io.netty.util.concurrent.FastThreadLocalRunnable.run(FastThreadLocalRunnable.java:30)
	at java.base/java.lang.Thread.run(Thread.java:842)
2026-01-25 10:16:24.206 [com.alibaba.nacos.client.remote.worker.1] INFO  c.a.nacos.common.remote.client.grpc.GrpcClient:210 - grpc client connection server:10.0.15.26 ip,serverPort:9848,grpcTslConfig:{"sslProvider":"","enableTls":false,"mutualAuthEnable":false,"trustAll":false}
2026-01-25 10:16:24.216 [com.alibaba.nacos.client.remote.worker.1] ERROR c.a.nacos.common.remote.client.grpc.GrpcClient:102 - Server check fail, please check server 10.0.15.26 ,port 9848 is available , error ={}
java.util.concurrent.ExecutionException: com.alibaba.nacos.shaded.io.grpc.StatusRuntimeException: UNAVAILABLE: io exception
	at com.alibaba.nacos.shaded.com.google.common.util.concurrent.AbstractFuture.getDoneValue(AbstractFuture.java:592)
	at com.alibaba.nacos.shaded.com.google.common.util.concurrent.AbstractFuture.get(AbstractFuture.java:467)
	at com.alibaba.nacos.common.remote.client.grpc.GrpcClient.serverCheck(GrpcClient.java:243)
	at com.alibaba.nacos.common.remote.client.grpc.GrpcClient.connectToServer(GrpcClient.java:367)
	at com.alibaba.nacos.common.remote.client.RpcClient.reconnect(RpcClient.java:502)
	at com.alibaba.nacos.common.remote.client.RpcClient.lambda$start$1(RpcClient.java:329)
	at java.base/java.util.concurrent.Executors$RunnableAdapter.call(Executors.java:539)
	at java.base/java.util.concurrent.FutureTask.run(FutureTask.java:264)
	at java.base/java.util.concurrent.ScheduledThreadPoolExecutor$ScheduledFutureTask.run(ScheduledThreadPoolExecutor.java:304)
	at java.base/java.util.concurrent.ThreadPoolExecutor.runWorker(ThreadPoolExecutor.java:1136)
	at java.base/java.util.concurrent.ThreadPoolExecutor$Worker.run(ThreadPoolExecutor.java:635)
	at java.base/java.lang.Thread.run(Thread.java:842)
Caused by: com.alibaba.nacos.shaded.io.grpc.StatusRuntimeException: UNAVAILABLE: io exception
	at com.alibaba.nacos.shaded.io.grpc.Status.asRuntimeException(Status.java:537)
	at com.alibaba.nacos.shaded.io.grpc.stub.ClientCalls$UnaryStreamToFuture.onClose(ClientCalls.java:548)
	at com.alibaba.nacos.shaded.io.grpc.internal.DelayedClientCall$DelayedListener$3.run(DelayedClientCall.java:489)
	at com.alibaba.nacos.shaded.io.grpc.internal.DelayedClientCall$DelayedListener.delayOrExecute(DelayedClientCall.java:453)
	at com.alibaba.nacos.shaded.io.grpc.internal.DelayedClientCall$DelayedListener.onClose(DelayedClientCall.java:486)
	at com.alibaba.nacos.shaded.io.grpc.internal.ClientCallImpl.closeObserver(ClientCallImpl.java:567)
	at com.alibaba.nacos.shaded.io.grpc.internal.ClientCallImpl.access$300(ClientCallImpl.java:71)
	at com.alibaba.nacos.shaded.io.grpc.internal.ClientCallImpl$ClientStreamListenerImpl$1StreamClosed.runInternal(ClientCallImpl.java:735)
	at com.alibaba.nacos.shaded.io.grpc.internal.ClientCallImpl$ClientStreamListenerImpl$1StreamClosed.runInContext(ClientCallImpl.java:716)
	at com.alibaba.nacos.shaded.io.grpc.internal.ContextRunnable.run(ContextRunnable.java:37)
	at com.alibaba.nacos.shaded.io.grpc.internal.SerializingExecutor.run(SerializingExecutor.java:133)
	... 3 common frames omitted
Caused by: com.alibaba.nacos.shaded.io.grpc.netty.shaded.io.netty.channel.AbstractChannel$AnnotatedNoRouteToHostException: No route to host: no further information: /10.0.15.26:9848
Caused by: java.net.NoRouteToHostException: No route to host: no further information
	at java.base/sun.nio.ch.Net.pollConnect(Native Method)
	at java.base/sun.nio.ch.Net.pollConnectNow(Net.java:672)
	at java.base/sun.nio.ch.SocketChannelImpl.finishConnect(SocketChannelImpl.java:946)
	at com.alibaba.nacos.shaded.io.grpc.netty.shaded.io.netty.channel.socket.nio.NioSocketChannel.doFinishConnect(NioSocketChannel.java:337)
	at com.alibaba.nacos.shaded.io.grpc.netty.shaded.io.netty.channel.nio.AbstractNioChannel$AbstractNioUnsafe.finishConnect(AbstractNioChannel.java:334)
	at com.alibaba.nacos.shaded.io.grpc.netty.shaded.io.netty.channel.nio.NioEventLoop.processSelectedKey(NioEventLoop.java:776)
	at com.alibaba.nacos.shaded.io.grpc.netty.shaded.io.netty.channel.nio.NioEventLoop.processSelectedKeysOptimized(NioEventLoop.java:724)
	at com.alibaba.nacos.shaded.io.grpc.netty.shaded.io.netty.channel.nio.NioEventLoop.processSelectedKeys(NioEventLoop.java:650)
	at com.alibaba.nacos.shaded.io.grpc.netty.shaded.io.netty.channel.nio.NioEventLoop.run(NioEventLoop.java:562)
	at com.alibaba.nacos.shaded.io.grpc.netty.shaded.io.netty.util.concurrent.SingleThreadEventExecutor$4.run(SingleThreadEventExecutor.java:997)
	at com.alibaba.nacos.shaded.io.grpc.netty.shaded.io.netty.util.internal.ThreadExecutorMap$2.run(ThreadExecutorMap.java:74)
	at com.alibaba.nacos.shaded.io.grpc.netty.shaded.io.netty.util.concurrent.FastThreadLocalRunnable.run(FastThreadLocalRunnable.java:30)
	at java.base/java.lang.Thread.run(Thread.java:842)
2026-01-25 10:16:24.218 [com.alibaba.nacos.client.remote.worker.1] INFO  com.alibaba.nacos.common.remote.client:63 - [186ef5d9-938e-451e-a735-887fe162fb60_config-0] Fail to connect server, after trying 1 times, last try server is {serverIp = '10.0.15.26', server main port = 8848}, error = unknown
2026-01-25 10:16:24.424 [com.alibaba.nacos.client.remote.worker.1] INFO  c.a.nacos.common.remote.client.grpc.GrpcClient:210 - grpc client connection server:10.0.15.26 ip,serverPort:9848,grpcTslConfig:{"sslProvider":"","enableTls":false,"mutualAuthEnable":false,"trustAll":false}
2026-01-25 10:16:24.429 [com.alibaba.nacos.client.remote.worker.1] ERROR c.a.nacos.common.remote.client.grpc.GrpcClient:102 - Server check fail, please check server 10.0.15.26 ,port 9848 is available , error ={}
java.util.concurrent.ExecutionException: com.alibaba.nacos.shaded.io.grpc.StatusRuntimeException: UNAVAILABLE: io exception
	at com.alibaba.nacos.shaded.com.google.common.util.concurrent.AbstractFuture.getDoneValue(AbstractFuture.java:592)
	at com.alibaba.nacos.shaded.com.google.common.util.concurrent.AbstractFuture.get(AbstractFuture.java:467)
	at com.alibaba.nacos.common.remote.client.grpc.GrpcClient.serverCheck(GrpcClient.java:243)
	at com.alibaba.nacos.common.remote.client.grpc.GrpcClient.connectToServer(GrpcClient.java:367)
	at com.alibaba.nacos.common.remote.client.RpcClient.reconnect(RpcClient.java:502)
	at com.alibaba.nacos.common.remote.client.RpcClient.lambda$start$1(RpcClient.java:329)
	at java.base/java.util.concurrent.Executors$RunnableAdapter.call(Executors.java:539)
	at java.base/java.util.concurrent.FutureTask.run(FutureTask.java:264)
	at java.base/java.util.concurrent.ScheduledThreadPoolExecutor$ScheduledFutureTask.run(ScheduledThreadPoolExecutor.java:304)
	at java.base/java.util.concurrent.ThreadPoolExecutor.runWorker(ThreadPoolExecutor.java:1136)
	at java.base/java.util.concurrent.ThreadPoolExecutor$Worker.run(ThreadPoolExecutor.java:635)
	at java.base/java.lang.Thread.run(Thread.java:842)
Caused by: com.alibaba.nacos.shaded.io.grpc.StatusRuntimeException: UNAVAILABLE: io exception
	at com.alibaba.nacos.shaded.io.grpc.Status.asRuntimeException(Status.java:537)
	at com.alibaba.nacos.shaded.io.grpc.stub.ClientCalls$UnaryStreamToFuture.onClose(ClientCalls.java:548)
	at com.alibaba.nacos.shaded.io.grpc.internal.DelayedClientCall$DelayedListener$3.run(DelayedClientCall.java:489)
	at com.alibaba.nacos.shaded.io.grpc.internal.DelayedClientCall$DelayedListener.delayOrExecute(DelayedClientCall.java:453)
	at com.alibaba.nacos.shaded.io.grpc.internal.DelayedClientCall$DelayedListener.onClose(DelayedClientCall.java:486)
	at com.alibaba.nacos.shaded.io.grpc.internal.ClientCallImpl.closeObserver(ClientCallImpl.java:567)
	at com.alibaba.nacos.shaded.io.grpc.internal.ClientCallImpl.access$300(ClientCallImpl.java:71)
	at com.alibaba.nacos.shaded.io.grpc.internal.ClientCallImpl$ClientStreamListenerImpl$1StreamClosed.runInternal(ClientCallImpl.java:735)
	at com.alibaba.nacos.shaded.io.grpc.internal.ClientCallImpl$ClientStreamListenerImpl$1StreamClosed.runInContext(ClientCallImpl.java:716)
	at com.alibaba.nacos.shaded.io.grpc.internal.ContextRunnable.run(ContextRunnable.java:37)
	at com.alibaba.nacos.shaded.io.grpc.internal.SerializingExecutor.run(SerializingExecutor.java:133)
	... 3 common frames omitted
Caused by: com.alibaba.nacos.shaded.io.grpc.netty.shaded.io.netty.channel.AbstractChannel$AnnotatedNoRouteToHostException: No route to host: no further information: /10.0.15.26:9848
Caused by: java.net.NoRouteToHostException: No route to host: no further information
	at java.base/sun.nio.ch.Net.pollConnect(Native Method)
	at java.base/sun.nio.ch.Net.pollConnectNow(Net.java:672)
	at java.base/sun.nio.ch.SocketChannelImpl.finishConnect(SocketChannelImpl.java:946)
	at com.alibaba.nacos.shaded.io.grpc.netty.shaded.io.netty.channel.socket.nio.NioSocketChannel.doFinishConnect(NioSocketChannel.java:337)
	at com.alibaba.nacos.shaded.io.grpc.netty.shaded.io.netty.channel.nio.AbstractNioChannel$AbstractNioUnsafe.finishConnect(AbstractNioChannel.java:334)
	at com.alibaba.nacos.shaded.io.grpc.netty.shaded.io.netty.channel.nio.NioEventLoop.processSelectedKey(NioEventLoop.java:776)
	at com.alibaba.nacos.shaded.io.grpc.netty.shaded.io.netty.channel.nio.NioEventLoop.processSelectedKeysOptimized(NioEventLoop.java:724)
	at com.alibaba.nacos.shaded.io.grpc.netty.shaded.io.netty.channel.nio.NioEventLoop.processSelectedKeys(NioEventLoop.java:650)
	at com.alibaba.nacos.shaded.io.grpc.netty.shaded.io.netty.channel.nio.NioEventLoop.run(NioEventLoop.java:562)
	at com.alibaba.nacos.shaded.io.grpc.netty.shaded.io.netty.util.concurrent.SingleThreadEventExecutor$4.run(SingleThreadEventExecutor.java:997)
	at com.alibaba.nacos.shaded.io.grpc.netty.shaded.io.netty.util.internal.ThreadExecutorMap$2.run(ThreadExecutorMap.java:74)
	at com.alibaba.nacos.shaded.io.grpc.netty.shaded.io.netty.util.concurrent.FastThreadLocalRunnable.run(FastThreadLocalRunnable.java:30)
	at java.base/java.lang.Thread.run(Thread.java:842)
2026-01-25 10:16:24.430 [com.alibaba.nacos.client.remote.worker.1] INFO  com.alibaba.nacos.common.remote.client:63 - [186ef5d9-938e-451e-a735-887fe162fb60_config-0] Fail to connect server, after trying 2 times, last try server is {serverIp = '10.0.15.26', server main port = 8848}, error = unknown
2026-01-25 10:16:24.706 [com.alibaba.nacos.client.remote.worker.1] INFO  com.alibaba.nacos.common.remote.client:63 - [f147ca6c-d1db-4a8c-9638-f1f5700bc480_config-0] Server healthy check fail, currentConnection = 1769084748664_10.30.30.97_54123
2026-01-25 10:16:24.706 [com.alibaba.nacos.client.remote.worker.1] INFO  com.alibaba.nacos.common.remote.client:63 - [f147ca6c-d1db-4a8c-9638-f1f5700bc480_config-0] Try to reconnect to a new server, server is  not appointed, will choose a random server.
2026-01-25 10:16:24.706 [com.alibaba.nacos.client.remote.worker.1] INFO  c.a.nacos.common.remote.client.grpc.GrpcClient:210 - grpc client connection server:10.0.15.26 ip,serverPort:9848,grpcTslConfig:{"sslProvider":"","enableTls":false,"mutualAuthEnable":false,"trustAll":false}
2026-01-25 10:16:24.715 [com.alibaba.nacos.client.remote.worker.1] ERROR c.a.nacos.common.remote.client.grpc.GrpcClient:102 - Server check fail, please check server 10.0.15.26 ,port 9848 is available , error ={}
java.util.concurrent.ExecutionException: com.alibaba.nacos.shaded.io.grpc.StatusRuntimeException: UNAVAILABLE: io exception
	at com.alibaba.nacos.shaded.com.google.common.util.concurrent.AbstractFuture.getDoneValue(AbstractFuture.java:592)
	at com.alibaba.nacos.shaded.com.google.common.util.concurrent.AbstractFuture.get(AbstractFuture.java:467)
	at com.alibaba.nacos.common.remote.client.grpc.GrpcClient.serverCheck(GrpcClient.java:243)
	at com.alibaba.nacos.common.remote.client.grpc.GrpcClient.connectToServer(GrpcClient.java:367)
	at com.alibaba.nacos.common.remote.client.RpcClient.reconnect(RpcClient.java:502)
	at com.alibaba.nacos.common.remote.client.RpcClient.lambda$start$1(RpcClient.java:329)
	at java.base/java.util.concurrent.Executors$RunnableAdapter.call(Executors.java:539)
	at java.base/java.util.concurrent.FutureTask.run(FutureTask.java:264)
	at java.base/java.util.concurrent.ScheduledThreadPoolExecutor$ScheduledFutureTask.run(ScheduledThreadPoolExecutor.java:304)
	at java.base/java.util.concurrent.ThreadPoolExecutor.runWorker(ThreadPoolExecutor.java:1136)
	at java.base/java.util.concurrent.ThreadPoolExecutor$Worker.run(ThreadPoolExecutor.java:635)
	at java.base/java.lang.Thread.run(Thread.java:842)
Caused by: com.alibaba.nacos.shaded.io.grpc.StatusRuntimeException: UNAVAILABLE: io exception
	at com.alibaba.nacos.shaded.io.grpc.Status.asRuntimeException(Status.java:537)
	at com.alibaba.nacos.shaded.io.grpc.stub.ClientCalls$UnaryStreamToFuture.onClose(ClientCalls.java:548)
	at com.alibaba.nacos.shaded.io.grpc.internal.DelayedClientCall$DelayedListener$3.run(DelayedClientCall.java:489)
	at com.alibaba.nacos.shaded.io.grpc.internal.DelayedClientCall$DelayedListener.delayOrExecute(DelayedClientCall.java:453)
	at com.alibaba.nacos.shaded.io.grpc.internal.DelayedClientCall$DelayedListener.onClose(DelayedClientCall.java:486)
	at com.alibaba.nacos.shaded.io.grpc.internal.ClientCallImpl.closeObserver(ClientCallImpl.java:567)
	at com.alibaba.nacos.shaded.io.grpc.internal.ClientCallImpl.access$300(ClientCallImpl.java:71)
	at com.alibaba.nacos.shaded.io.grpc.internal.ClientCallImpl$ClientStreamListenerImpl$1StreamClosed.runInternal(ClientCallImpl.java:735)
	at com.alibaba.nacos.shaded.io.grpc.internal.ClientCallImpl$ClientStreamListenerImpl$1StreamClosed.runInContext(ClientCallImpl.java:716)
	at com.alibaba.nacos.shaded.io.grpc.internal.ContextRunnable.run(ContextRunnable.java:37)
	at com.alibaba.nacos.shaded.io.grpc.internal.SerializingExecutor.run(SerializingExecutor.java:133)
	... 3 common frames omitted
Caused by: com.alibaba.nacos.shaded.io.grpc.netty.shaded.io.netty.channel.AbstractChannel$AnnotatedNoRouteToHostException: No route to host: no further information: /10.0.15.26:9848
Caused by: java.net.NoRouteToHostException: No route to host: no further information
	at java.base/sun.nio.ch.Net.pollConnect(Native Method)
	at java.base/sun.nio.ch.Net.pollConnectNow(Net.java:672)
	at java.base/sun.nio.ch.SocketChannelImpl.finishConnect(SocketChannelImpl.java:946)
	at com.alibaba.nacos.shaded.io.grpc.netty.shaded.io.netty.channel.socket.nio.NioSocketChannel.doFinishConnect(NioSocketChannel.java:337)
	at com.alibaba.nacos.shaded.io.grpc.netty.shaded.io.netty.channel.nio.AbstractNioChannel$AbstractNioUnsafe.finishConnect(AbstractNioChannel.java:334)
	at com.alibaba.nacos.shaded.io.grpc.netty.shaded.io.netty.channel.nio.NioEventLoop.processSelectedKey(NioEventLoop.java:776)
	at com.alibaba.nacos.shaded.io.grpc.netty.shaded.io.netty.channel.nio.NioEventLoop.processSelectedKeysOptimized(NioEventLoop.java:724)
	at com.alibaba.nacos.shaded.io.grpc.netty.shaded.io.netty.channel.nio.NioEventLoop.processSelectedKeys(NioEventLoop.java:650)
	at com.alibaba.nacos.shaded.io.grpc.netty.shaded.io.netty.channel.nio.NioEventLoop.run(NioEventLoop.java:562)
	at com.alibaba.nacos.shaded.io.grpc.netty.shaded.io.netty.util.concurrent.SingleThreadEventExecutor$4.run(SingleThreadEventExecutor.java:997)
	at com.alibaba.nacos.shaded.io.grpc.netty.shaded.io.netty.util.internal.ThreadExecutorMap$2.run(ThreadExecutorMap.java:74)
	at com.alibaba.nacos.shaded.io.grpc.netty.shaded.io.netty.util.concurrent.FastThreadLocalRunnable.run(FastThreadLocalRunnable.java:30)
	at java.base/java.lang.Thread.run(Thread.java:842)
2026-01-25 10:16:24.739 [com.alibaba.nacos.client.remote.worker.1] INFO  c.a.nacos.common.remote.client.grpc.GrpcClient:210 - grpc client connection server:10.0.15.26 ip,serverPort:9848,grpcTslConfig:{"sslProvider":"","enableTls":false,"mutualAuthEnable":false,"trustAll":false}
2026-01-25 10:16:24.744 [com.alibaba.nacos.client.remote.worker.1] ERROR c.a.nacos.common.remote.client.grpc.GrpcClient:102 - Server check fail, please check server 10.0.15.26 ,port 9848 is available , error ={}
java.util.concurrent.ExecutionException: com.alibaba.nacos.shaded.io.grpc.StatusRuntimeException: UNAVAILABLE: io exception
	at com.alibaba.nacos.shaded.com.google.common.util.concurrent.AbstractFuture.getDoneValue(AbstractFuture.java:592)
	at com.alibaba.nacos.shaded.com.google.common.util.concurrent.AbstractFuture.get(AbstractFuture.java:467)
	at com.alibaba.nacos.common.remote.client.grpc.GrpcClient.serverCheck(GrpcClient.java:243)
	at com.alibaba.nacos.common.remote.client.grpc.GrpcClient.connectToServer(GrpcClient.java:367)
	at com.alibaba.nacos.common.remote.client.RpcClient.reconnect(RpcClient.java:502)
	at com.alibaba.nacos.common.remote.client.RpcClient.lambda$start$1(RpcClient.java:329)
	at java.base/java.util.concurrent.Executors$RunnableAdapter.call(Executors.java:539)
	at java.base/java.util.concurrent.FutureTask.run(FutureTask.java:264)
	at java.base/java.util.concurrent.ScheduledThreadPoolExecutor$ScheduledFutureTask.run(ScheduledThreadPoolExecutor.java:304)
	at java.base/java.util.concurrent.ThreadPoolExecutor.runWorker(ThreadPoolExecutor.java:1136)
	at java.base/java.util.concurrent.ThreadPoolExecutor$Worker.run(ThreadPoolExecutor.java:635)
	at java.base/java.lang.Thread.run(Thread.java:842)
Caused by: com.alibaba.nacos.shaded.io.grpc.StatusRuntimeException: UNAVAILABLE: io exception
	at com.alibaba.nacos.shaded.io.grpc.Status.asRuntimeException(Status.java:537)
	at com.alibaba.nacos.shaded.io.grpc.stub.ClientCalls$UnaryStreamToFuture.onClose(ClientCalls.java:548)
	at com.alibaba.nacos.shaded.io.grpc.internal.DelayedClientCall$DelayedListener$3.run(DelayedClientCall.java:489)
	at com.alibaba.nacos.shaded.io.grpc.internal.DelayedClientCall$DelayedListener.delayOrExecute(DelayedClientCall.java:453)
	at com.alibaba.nacos.shaded.io.grpc.internal.DelayedClientCall$DelayedListener.onClose(DelayedClientCall.java:486)
	at com.alibaba.nacos.shaded.io.grpc.internal.ClientCallImpl.closeObserver(ClientCallImpl.java:567)
	at com.alibaba.nacos.shaded.io.grpc.internal.ClientCallImpl.access$300(ClientCallImpl.java:71)
	at com.alibaba.nacos.shaded.io.grpc.internal.ClientCallImpl$ClientStreamListenerImpl$1StreamClosed.runInternal(ClientCallImpl.java:735)
	at com.alibaba.nacos.shaded.io.grpc.internal.ClientCallImpl$ClientStreamListenerImpl$1StreamClosed.runInContext(ClientCallImpl.java:716)
	at com.alibaba.nacos.shaded.io.grpc.internal.ContextRunnable.run(ContextRunnable.java:37)
	at com.alibaba.nacos.shaded.io.grpc.internal.SerializingExecutor.run(SerializingExecutor.java:133)
	... 3 common frames omitted
Caused by: com.alibaba.nacos.shaded.io.grpc.netty.shaded.io.netty.channel.AbstractChannel$AnnotatedNoRouteToHostException: No route to host: no further information: /10.0.15.26:9848
Caused by: java.net.NoRouteToHostException: No route to host: no further information
	at java.base/sun.nio.ch.Net.pollConnect(Native Method)
	at java.base/sun.nio.ch.Net.pollConnectNow(Net.java:672)
	at java.base/sun.nio.ch.SocketChannelImpl.finishConnect(SocketChannelImpl.java:946)
	at com.alibaba.nacos.shaded.io.grpc.netty.shaded.io.netty.channel.socket.nio.NioSocketChannel.doFinishConnect(NioSocketChannel.java:337)
	at com.alibaba.nacos.shaded.io.grpc.netty.shaded.io.netty.channel.nio.AbstractNioChannel$AbstractNioUnsafe.finishConnect(AbstractNioChannel.java:334)
	at com.alibaba.nacos.shaded.io.grpc.netty.shaded.io.netty.channel.nio.NioEventLoop.processSelectedKey(NioEventLoop.java:776)
	at com.alibaba.nacos.shaded.io.grpc.netty.shaded.io.netty.channel.nio.NioEventLoop.processSelectedKeysOptimized(NioEventLoop.java:724)
	at com.alibaba.nacos.shaded.io.grpc.netty.shaded.io.netty.channel.nio.NioEventLoop.processSelectedKeys(NioEventLoop.java:650)
	at com.alibaba.nacos.shaded.io.grpc.netty.shaded.io.netty.channel.nio.NioEventLoop.run(NioEventLoop.java:562)
	at com.alibaba.nacos.shaded.io.grpc.netty.shaded.io.netty.util.concurrent.SingleThreadEventExecutor$4.run(SingleThreadEventExecutor.java:997)
	at com.alibaba.nacos.shaded.io.grpc.netty.shaded.io.netty.util.internal.ThreadExecutorMap$2.run(ThreadExecutorMap.java:74)
	at com.alibaba.nacos.shaded.io.grpc.netty.shaded.io.netty.util.concurrent.FastThreadLocalRunnable.run(FastThreadLocalRunnable.java:30)
	at java.base/java.lang.Thread.run(Thread.java:842)
2026-01-25 10:16:24.748 [com.alibaba.nacos.client.remote.worker.1] INFO  com.alibaba.nacos.common.remote.client:63 - [186ef5d9-938e-451e-a735-887fe162fb60_config-0] Fail to connect server, after trying 3 times, last try server is {serverIp = '10.0.15.26', server main port = 8848}, error = unknown
2026-01-25 10:16:24.817 [com.alibaba.nacos.client.remote.worker.1] INFO  c.a.nacos.common.remote.client.grpc.GrpcClient:210 - grpc client connection server:10.0.15.26 ip,serverPort:9848,grpcTslConfig:{"sslProvider":"","enableTls":false,"mutualAuthEnable":false,"trustAll":false}
2026-01-25 10:16:24.823 [com.alibaba.nacos.client.remote.worker.1] ERROR c.a.nacos.common.remote.client.grpc.GrpcClient:102 - Server check fail, please check server 10.0.15.26 ,port 9848 is available , error ={}
java.util.concurrent.ExecutionException: com.alibaba.nacos.shaded.io.grpc.StatusRuntimeException: UNAVAILABLE: io exception
	at com.alibaba.nacos.shaded.com.google.common.util.concurrent.AbstractFuture.getDoneValue(AbstractFuture.java:592)
	at com.alibaba.nacos.shaded.com.google.common.util.concurrent.AbstractFuture.get(AbstractFuture.java:467)
	at com.alibaba.nacos.common.remote.client.grpc.GrpcClient.serverCheck(GrpcClient.java:243)
	at com.alibaba.nacos.common.remote.client.grpc.GrpcClient.connectToServer(GrpcClient.java:367)
	at com.alibaba.nacos.common.remote.client.RpcClient.reconnect(RpcClient.java:502)
	at com.alibaba.nacos.common.remote.client.RpcClient.lambda$start$1(RpcClient.java:329)
	at java.base/java.util.concurrent.Executors$RunnableAdapter.call(Executors.java:539)
	at java.base/java.util.concurrent.FutureTask.run(FutureTask.java:264)
	at java.base/java.util.concurrent.ScheduledThreadPoolExecutor$ScheduledFutureTask.run(ScheduledThreadPoolExecutor.java:304)
	at java.base/java.util.concurrent.ThreadPoolExecutor.runWorker(ThreadPoolExecutor.java:1136)
	at java.base/java.util.concurrent.ThreadPoolExecutor$Worker.run(ThreadPoolExecutor.java:635)
	at java.base/java.lang.Thread.run(Thread.java:842)
Caused by: com.alibaba.nacos.shaded.io.grpc.StatusRuntimeException: UNAVAILABLE: io exception
	at com.alibaba.nacos.shaded.io.grpc.Status.asRuntimeException(Status.java:537)
	at com.alibaba.nacos.shaded.io.grpc.stub.ClientCalls$UnaryStreamToFuture.onClose(ClientCalls.java:548)
	at com.alibaba.nacos.shaded.io.grpc.internal.DelayedClientCall$DelayedListener$3.run(DelayedClientCall.java:489)
	at com.alibaba.nacos.shaded.io.grpc.internal.DelayedClientCall$DelayedListener.delayOrExecute(DelayedClientCall.java:453)
	at com.alibaba.nacos.shaded.io.grpc.internal.DelayedClientCall$DelayedListener.onClose(DelayedClientCall.java:486)
	at com.alibaba.nacos.shaded.io.grpc.internal.ClientCallImpl.closeObserver(ClientCallImpl.java:567)
	at com.alibaba.nacos.shaded.io.grpc.internal.ClientCallImpl.access$300(ClientCallImpl.java:71)
	at com.alibaba.nacos.shaded.io.grpc.internal.ClientCallImpl$ClientStreamListenerImpl$1StreamClosed.runInternal(ClientCallImpl.java:735)
	at com.alibaba.nacos.shaded.io.grpc.internal.ClientCallImpl$ClientStreamListenerImpl$1StreamClosed.runInContext(ClientCallImpl.java:716)
	at com.alibaba.nacos.shaded.io.grpc.internal.ContextRunnable.run(ContextRunnable.java:37)
	at com.alibaba.nacos.shaded.io.grpc.internal.SerializingExecutor.run(SerializingExecutor.java:133)
	... 3 common frames omitted
Caused by: com.alibaba.nacos.shaded.io.grpc.netty.shaded.io.netty.channel.AbstractChannel$AnnotatedNoRouteToHostException: No route to host: no further information: /10.0.15.26:9848
Caused by: java.net.NoRouteToHostException: No route to host: no further information
	at java.base/sun.nio.ch.Net.pollConnect(Native Method)
	at java.base/sun.nio.ch.Net.pollConnectNow(Net.java:672)
	at java.base/sun.nio.ch.SocketChannelImpl.finishConnect(SocketChannelImpl.java:946)
	at com.alibaba.nacos.shaded.io.grpc.netty.shaded.io.netty.channel.socket.nio.NioSocketChannel.doFinishConnect(NioSocketChannel.java:337)
	at com.alibaba.nacos.shaded.io.grpc.netty.shaded.io.netty.channel.nio.AbstractNioChannel$AbstractNioUnsafe.finishConnect(AbstractNioChannel.java:334)
	at com.alibaba.nacos.shaded.io.grpc.netty.shaded.io.netty.channel.nio.NioEventLoop.processSelectedKey(NioEventLoop.java:776)
	at com.alibaba.nacos.shaded.io.grpc.netty.shaded.io.netty.channel.nio.NioEventLoop.processSelectedKeysOptimized(NioEventLoop.java:724)
	at com.alibaba.nacos.shaded.io.grpc.netty.shaded.io.netty.channel.nio.NioEventLoop.processSelectedKeys(NioEventLoop.java:650)
	at com.alibaba.nacos.shaded.io.grpc.netty.shaded.io.netty.channel.nio.NioEventLoop.run(NioEventLoop.java:562)
	at com.alibaba.nacos.shaded.io.grpc.netty.shaded.io.netty.util.concurrent.SingleThreadEventExecutor$4.run(SingleThreadEventExecutor.java:997)
	at com.alibaba.nacos.shaded.io.grpc.netty.shaded.io.netty.util.internal.ThreadExecutorMap$2.run(ThreadExecutorMap.java:74)
	at com.alibaba.nacos.shaded.io.grpc.netty.shaded.io.netty.util.concurrent.FastThreadLocalRunnable.run(FastThreadLocalRunnable.java:30)
	at java.base/java.lang.Thread.run(Thread.java:842)
2026-01-25 10:16:24.824 [com.alibaba.nacos.client.remote.worker.1] INFO  com.alibaba.nacos.common.remote.client:63 - [f147ca6c-d1db-4a8c-9638-f1f5700bc480_config-0] Fail to connect server, after trying 1 times, last try server is {serverIp = '10.0.15.26', server main port = 8848}, error = unknown
2026-01-25 10:16:25.037 [com.alibaba.nacos.client.remote.worker.1] INFO  c.a.nacos.common.remote.client.grpc.GrpcClient:210 - grpc client connection server:10.0.15.26 ip,serverPort:9848,grpcTslConfig:{"sslProvider":"","enableTls":false,"mutualAuthEnable":false,"trustAll":false}
2026-01-25 10:16:25.046 [com.alibaba.nacos.client.remote.worker.1] ERROR c.a.nacos.common.remote.client.grpc.GrpcClient:102 - Server check fail, please check server 10.0.15.26 ,port 9848 is available , error ={}
java.util.concurrent.ExecutionException: com.alibaba.nacos.shaded.io.grpc.StatusRuntimeException: UNAVAILABLE: io exception
	at com.alibaba.nacos.shaded.com.google.common.util.concurrent.AbstractFuture.getDoneValue(AbstractFuture.java:592)
	at com.alibaba.nacos.shaded.com.google.common.util.concurrent.AbstractFuture.get(AbstractFuture.java:467)
	at com.alibaba.nacos.common.remote.client.grpc.GrpcClient.serverCheck(GrpcClient.java:243)
	at com.alibaba.nacos.common.remote.client.grpc.GrpcClient.connectToServer(GrpcClient.java:367)
	at com.alibaba.nacos.common.remote.client.RpcClient.reconnect(RpcClient.java:502)
	at com.alibaba.nacos.common.remote.client.RpcClient.lambda$start$1(RpcClient.java:329)
	at java.base/java.util.concurrent.Executors$RunnableAdapter.call(Executors.java:539)
	at java.base/java.util.concurrent.FutureTask.run(FutureTask.java:264)
	at java.base/java.util.concurrent.ScheduledThreadPoolExecutor$ScheduledFutureTask.run(ScheduledThreadPoolExecutor.java:304)
	at java.base/java.util.concurrent.ThreadPoolExecutor.runWorker(ThreadPoolExecutor.java:1136)
	at java.base/java.util.concurrent.ThreadPoolExecutor$Worker.run(ThreadPoolExecutor.java:635)
	at java.base/java.lang.Thread.run(Thread.java:842)
Caused by: com.alibaba.nacos.shaded.io.grpc.StatusRuntimeException: UNAVAILABLE: io exception
	at com.alibaba.nacos.shaded.io.grpc.Status.asRuntimeException(Status.java:537)
	at com.alibaba.nacos.shaded.io.grpc.stub.ClientCalls$UnaryStreamToFuture.onClose(ClientCalls.java:548)
	at com.alibaba.nacos.shaded.io.grpc.internal.DelayedClientCall$DelayedListener$3.run(DelayedClientCall.java:489)
	at com.alibaba.nacos.shaded.io.grpc.internal.DelayedClientCall$DelayedListener.delayOrExecute(DelayedClientCall.java:453)
	at com.alibaba.nacos.shaded.io.grpc.internal.DelayedClientCall$DelayedListener.onClose(DelayedClientCall.java:486)
	at com.alibaba.nacos.shaded.io.grpc.internal.ClientCallImpl.closeObserver(ClientCallImpl.java:567)
	at com.alibaba.nacos.shaded.io.grpc.internal.ClientCallImpl.access$300(ClientCallImpl.java:71)
	at com.alibaba.nacos.shaded.io.grpc.internal.ClientCallImpl$ClientStreamListenerImpl$1StreamClosed.runInternal(ClientCallImpl.java:735)
	at com.alibaba.nacos.shaded.io.grpc.internal.ClientCallImpl$ClientStreamListenerImpl$1StreamClosed.runInContext(ClientCallImpl.java:716)
	at com.alibaba.nacos.shaded.io.grpc.internal.ContextRunnable.run(ContextRunnable.java:37)
	at com.alibaba.nacos.shaded.io.grpc.internal.SerializingExecutor.run(SerializingExecutor.java:133)
	... 3 common frames omitted
Caused by: com.alibaba.nacos.shaded.io.grpc.netty.shaded.io.netty.channel.AbstractChannel$AnnotatedNoRouteToHostException: No route to host: no further information: /10.0.15.26:9848
Caused by: java.net.NoRouteToHostException: No route to host: no further information
	at java.base/sun.nio.ch.Net.pollConnect(Native Method)
	at java.base/sun.nio.ch.Net.pollConnectNow(Net.java:672)
	at java.base/sun.nio.ch.SocketChannelImpl.finishConnect(SocketChannelImpl.java:946)
	at com.alibaba.nacos.shaded.io.grpc.netty.shaded.io.netty.channel.socket.nio.NioSocketChannel.doFinishConnect(NioSocketChannel.java:337)
	at com.alibaba.nacos.shaded.io.grpc.netty.shaded.io.netty.channel.nio.AbstractNioChannel$AbstractNioUnsafe.finishConnect(AbstractNioChannel.java:334)
	at com.alibaba.nacos.shaded.io.grpc.netty.shaded.io.netty.channel.nio.NioEventLoop.processSelectedKey(NioEventLoop.java:776)
	at com.alibaba.nacos.shaded.io.grpc.netty.shaded.io.netty.channel.nio.NioEventLoop.processSelectedKeysOptimized(NioEventLoop.java:724)
	at com.alibaba.nacos.shaded.io.grpc.netty.shaded.io.netty.channel.nio.NioEventLoop.processSelectedKeys(NioEventLoop.java:650)
	at com.alibaba.nacos.shaded.io.grpc.netty.shaded.io.netty.channel.nio.NioEventLoop.run(NioEventLoop.java:562)
	at com.alibaba.nacos.shaded.io.grpc.netty.shaded.io.netty.util.concurrent.SingleThreadEventExecutor$4.run(SingleThreadEventExecutor.java:997)
	at com.alibaba.nacos.shaded.io.grpc.netty.shaded.io.netty.util.internal.ThreadExecutorMap$2.run(ThreadExecutorMap.java:74)
	at com.alibaba.nacos.shaded.io.grpc.netty.shaded.io.netty.util.concurrent.FastThreadLocalRunnable.run(FastThreadLocalRunnable.java:30)
	at java.base/java.lang.Thread.run(Thread.java:842)
2026-01-25 10:16:25.058 [com.alibaba.nacos.client.remote.worker.1] INFO  com.alibaba.nacos.common.remote.client:63 - [f147ca6c-d1db-4a8c-9638-f1f5700bc480_config-0] Fail to connect server, after trying 2 times, last try server is {serverIp = '10.0.15.26', server main port = 8848}, error = unknown
2026-01-25 10:16:25.163 [com.alibaba.nacos.client.remote.worker.1] INFO  c.a.nacos.common.remote.client.grpc.GrpcClient:210 - grpc client connection server:10.0.15.26 ip,serverPort:9848,grpcTslConfig:{"sslProvider":"","enableTls":false,"mutualAuthEnable":false,"trustAll":false}
2026-01-25 10:16:25.368 [com.alibaba.nacos.client.remote.worker.1] INFO  c.a.nacos.common.remote.client.grpc.GrpcClient:210 - grpc client connection server:10.0.15.26 ip,serverPort:9848,grpcTslConfig:{"sslProvider":"","enableTls":false,"mutualAuthEnable":false,"trustAll":false}
2026-01-25 10:16:25.436 [com.alibaba.nacos.client.remote.worker.1] INFO  com.alibaba.nacos.common.remote.client:63 - [f147ca6c-d1db-4a8c-9638-f1f5700bc480_config-0] Success to connect a server [10.0.15.26:8848], connectionId = 1769307386087_10.30.30.97_53953
2026-01-25 10:16:25.436 [com.alibaba.nacos.client.remote.worker.1] INFO  com.alibaba.nacos.common.remote.client:63 - [f147ca6c-d1db-4a8c-9638-f1f5700bc480_config-0] Abandon prev connection, server is 10.0.15.26:8848, connectionId is 1769084748664_10.30.30.97_54123
2026-01-25 10:16:25.436 [com.alibaba.nacos.client.remote.worker.1] INFO  com.alibaba.nacos.common.remote.client:584 - Close current connection 1769084748664_10.30.30.97_54123
2026-01-25 10:16:25.442 [com.alibaba.nacos.client.remote.worker.0] INFO  com.alibaba.nacos.common.remote.client:63 - [f147ca6c-d1db-4a8c-9638-f1f5700bc480_config-0] Notify disconnected event to listeners
2026-01-25 10:16:25.442 [com.alibaba.nacos.client.remote.worker.0] INFO  com.alibaba.nacos.client.config.impl.ClientWorker:720 - [f147ca6c-d1db-4a8c-9638-f1f5700bc480_config-0] DisConnected,clear listen context...
2026-01-25 10:16:25.443 [com.alibaba.nacos.client.remote.worker.0] INFO  com.alibaba.nacos.common.remote.client:63 - [f147ca6c-d1db-4a8c-9638-f1f5700bc480_config-0] Notify connected event to listeners.
2026-01-25 10:16:25.443 [com.alibaba.nacos.client.remote.worker.0] INFO  com.alibaba.nacos.client.config.impl.ClientWorker:713 - [f147ca6c-d1db-4a8c-9638-f1f5700bc480_config-0] Connected,notify listen context...
2026-01-25 10:16:25.445 [nacos-grpc-client-executor-10.0.15.26-42271] WARN  c.a.nacos.common.remote.client.grpc.GrpcClient:89 - [1769084748664_10.30.30.97_54123]Ignore error event,isRunning:true,isAbandon=true
2026-01-25 10:16:26.211 [com.alibaba.nacos.client.remote.worker.1] INFO  com.alibaba.nacos.common.remote.client:63 - [186ef5d9-938e-451e-a735-887fe162fb60_config-0] Success to connect a server [10.0.15.26:8848], connectionId = 1769307386877_10.30.30.97_53948
2026-01-25 10:16:26.211 [com.alibaba.nacos.client.remote.worker.1] INFO  com.alibaba.nacos.common.remote.client:63 - [186ef5d9-938e-451e-a735-887fe162fb60_config-0] Abandon prev connection, server is 10.0.15.26:8848, connectionId is 1769084747301_10.30.30.97_56138
2026-01-25 10:16:26.212 [com.alibaba.nacos.client.remote.worker.1] INFO  com.alibaba.nacos.common.remote.client:584 - Close current connection 1769084747301_10.30.30.97_56138
2026-01-25 10:16:26.213 [com.alibaba.nacos.client.remote.worker.0] INFO  com.alibaba.nacos.common.remote.client:63 - [186ef5d9-938e-451e-a735-887fe162fb60_config-0] Notify disconnected event to listeners
2026-01-25 10:16:26.213 [com.alibaba.nacos.client.remote.worker.0] INFO  com.alibaba.nacos.client.config.impl.ClientWorker:720 - [186ef5d9-938e-451e-a735-887fe162fb60_config-0] DisConnected,clear listen context...
2026-01-25 10:16:26.213 [com.alibaba.nacos.client.remote.worker.0] INFO  com.alibaba.nacos.common.remote.client:63 - [186ef5d9-938e-451e-a735-887fe162fb60_config-0] Notify connected event to listeners.
2026-01-25 10:16:26.213 [com.alibaba.nacos.client.remote.worker.0] INFO  com.alibaba.nacos.client.config.impl.ClientWorker:713 - [186ef5d9-938e-451e-a735-887fe162fb60_config-0] Connected,notify listen context...
2026-01-25 10:16:26.214 [nacos-grpc-client-executor-10.0.15.26-42300] WARN  c.a.nacos.common.remote.client.grpc.GrpcClient:89 - [1769084747301_10.30.30.97_56138]Ignore error event,isRunning:true,isAbandon=true
2026-01-25 10:16:27.443 [com.alibaba.nacos.client.remote.worker.1] INFO  com.alibaba.nacos.common.remote.client:63 - [7bd62890-4e03-4589-a031-8488a4f52fa3] Server healthy check fail, currentConnection = 1769084765324_10.30.30.97_64675
2026-01-25 10:16:27.443 [com.alibaba.nacos.client.remote.worker.1] INFO  com.alibaba.nacos.common.remote.client:63 - [7bd62890-4e03-4589-a031-8488a4f52fa3] Try to reconnect to a new server, server is  not appointed, will choose a random server.
2026-01-25 10:16:27.445 [com.alibaba.nacos.client.remote.worker.1] INFO  c.a.nacos.common.remote.client.grpc.GrpcClient:210 - grpc client connection server:10.0.15.26 ip,serverPort:9848,grpcTslConfig:{"sslProvider":"","enableTls":false,"mutualAuthEnable":false,"trustAll":false}
2026-01-25 10:16:27.495 [com.alibaba.nacos.client.remote.worker.1] INFO  com.alibaba.nacos.common.remote.client:63 - [7bd62890-4e03-4589-a031-8488a4f52fa3] Success to connect a server [10.0.15.26:8848], connectionId = 1769307388161_10.30.30.97_62771
2026-01-25 10:16:27.495 [com.alibaba.nacos.client.remote.worker.1] INFO  com.alibaba.nacos.common.remote.client:63 - [7bd62890-4e03-4589-a031-8488a4f52fa3] Abandon prev connection, server is 10.0.15.26:8848, connectionId is 1769084765324_10.30.30.97_64675
2026-01-25 10:16:27.495 [com.alibaba.nacos.client.remote.worker.1] INFO  com.alibaba.nacos.common.remote.client:584 - Close current connection 1769084765324_10.30.30.97_64675
2026-01-25 10:16:27.496 [com.alibaba.nacos.client.remote.worker.0] INFO  com.alibaba.nacos.common.remote.client:63 - [7bd62890-4e03-4589-a031-8488a4f52fa3] Notify disconnected event to listeners
2026-01-25 10:16:27.497 [com.alibaba.nacos.client.remote.worker.0] WARN  com.alibaba.nacos.client.naming:96 - Grpc connection disconnect, mark to redo
2026-01-25 10:16:27.498 [nacos-grpc-client-executor-10.0.15.26-42256] WARN  c.a.nacos.common.remote.client.grpc.GrpcClient:89 - [1769084765324_10.30.30.97_64675]Ignore error event,isRunning:true,isAbandon=true
2026-01-25 10:16:27.502 [com.alibaba.nacos.client.remote.worker.0] WARN  com.alibaba.nacos.client.naming:103 - mark to redo completed
2026-01-25 10:16:27.502 [com.alibaba.nacos.client.remote.worker.0] INFO  com.alibaba.nacos.common.remote.client:63 - [7bd62890-4e03-4589-a031-8488a4f52fa3] Notify connected event to listeners.
2026-01-25 10:16:27.503 [com.alibaba.nacos.client.remote.worker.0] INFO  com.alibaba.nacos.client.naming:90 - Grpc connection connect
2026-01-25 10:16:29.321 [com.alibaba.nacos.client.naming.grpc.redo.0] INFO  com.alibaba.nacos.client.naming:73 - Redo instance operation REGISTER for http@@workordercenter
2026-01-25 16:44:31.238 [com.alibaba.nacos.client.remote.worker.1] INFO  com.alibaba.nacos.common.remote.client:63 - [7bd62890-4e03-4589-a031-8488a4f52fa3] Server healthy check fail, currentConnection = 1769307388161_10.30.30.97_62771
2026-01-25 16:44:31.239 [com.alibaba.nacos.client.remote.worker.1] INFO  com.alibaba.nacos.common.remote.client:63 - [7bd62890-4e03-4589-a031-8488a4f52fa3] Try to reconnect to a new server, server is  not appointed, will choose a random server.
2026-01-25 16:44:31.245 [com.alibaba.nacos.client.remote.worker.1] INFO  c.a.nacos.common.remote.client.grpc.GrpcClient:210 - grpc client connection server:10.0.15.26 ip,serverPort:9848,grpcTslConfig:{"sslProvider":"","enableTls":false,"mutualAuthEnable":false,"trustAll":false}
2026-01-25 16:44:33.730 [com.alibaba.nacos.client.remote.worker.1] INFO  com.alibaba.nacos.common.remote.client:63 - [f147ca6c-d1db-4a8c-9638-f1f5700bc480_config-0] Server healthy check fail, currentConnection = 1769307386087_10.30.30.97_53953
2026-01-25 16:44:33.730 [com.alibaba.nacos.client.remote.worker.1] INFO  com.alibaba.nacos.common.remote.client:63 - [f147ca6c-d1db-4a8c-9638-f1f5700bc480_config-0] Try to reconnect to a new server, server is  not appointed, will choose a random server.
2026-01-25 16:44:33.731 [com.alibaba.nacos.client.remote.worker.1] INFO  c.a.nacos.common.remote.client.grpc.GrpcClient:210 - grpc client connection server:10.0.15.26 ip,serverPort:9848,grpcTslConfig:{"sslProvider":"","enableTls":false,"mutualAuthEnable":false,"trustAll":false}
2026-01-25 16:44:34.121 [com.alibaba.nacos.client.remote.worker.1] INFO  com.alibaba.nacos.common.remote.client:63 - [186ef5d9-938e-451e-a735-887fe162fb60_config-0] Server healthy check fail, currentConnection = 1769307386877_10.30.30.97_53948
2026-01-25 16:44:34.121 [com.alibaba.nacos.client.remote.worker.1] INFO  com.alibaba.nacos.common.remote.client:63 - [186ef5d9-938e-451e-a735-887fe162fb60_config-0] Try to reconnect to a new server, server is  not appointed, will choose a random server.
2026-01-25 16:44:34.133 [com.alibaba.nacos.client.remote.worker.1] INFO  c.a.nacos.common.remote.client.grpc.GrpcClient:210 - grpc client connection server:10.0.15.26 ip,serverPort:9848,grpcTslConfig:{"sslProvider":"","enableTls":false,"mutualAuthEnable":false,"trustAll":false}
2026-01-25 16:44:34.263 [com.alibaba.nacos.client.remote.worker.1] ERROR c.a.nacos.common.remote.client.grpc.GrpcClient:102 - Server check fail, please check server 10.0.15.26 ,port 9848 is available , error ={}
java.util.concurrent.TimeoutException: Waited 3000 milliseconds (plus 10 milliseconds, 579900 nanoseconds delay) for com.alibaba.nacos.shaded.io.grpc.stub.ClientCalls$GrpcFuture@5a1b0aa5[status=PENDING, info=[GrpcFuture{clientCall=PendingCall{realCall=ClientCallImpl{method=MethodDescriptor{fullMethodName=Request/request, type=UNARY, idempotent=false, safe=false, sampledToLocalTracing=true, requestMarshaller=com.alibaba.nacos.shaded.io.grpc.protobuf.lite.ProtoLiteUtils$MessageMarshaller@33662649, responseMarshaller=com.alibaba.nacos.shaded.io.grpc.protobuf.lite.ProtoLiteUtils$MessageMarshaller@472c1d6f, schemaDescriptor=com.alibaba.nacos.api.grpc.auto.RequestGrpc$RequestMethodDescriptorSupplier@4457d3f3}}}}]]
	at com.alibaba.nacos.shaded.com.google.common.util.concurrent.AbstractFuture.get(AbstractFuture.java:531)
	at com.alibaba.nacos.common.remote.client.grpc.GrpcClient.serverCheck(GrpcClient.java:243)
	at com.alibaba.nacos.common.remote.client.grpc.GrpcClient.connectToServer(GrpcClient.java:367)
	at com.alibaba.nacos.common.remote.client.RpcClient.reconnect(RpcClient.java:502)
	at com.alibaba.nacos.common.remote.client.RpcClient.lambda$start$1(RpcClient.java:329)
	at java.base/java.util.concurrent.Executors$RunnableAdapter.call(Executors.java:539)
	at java.base/java.util.concurrent.FutureTask.run(FutureTask.java:264)
	at java.base/java.util.concurrent.ScheduledThreadPoolExecutor$ScheduledFutureTask.run(ScheduledThreadPoolExecutor.java:304)
	at java.base/java.util.concurrent.ThreadPoolExecutor.runWorker(ThreadPoolExecutor.java:1136)
	at java.base/java.util.concurrent.ThreadPoolExecutor$Worker.run(ThreadPoolExecutor.java:635)
	at java.base/java.lang.Thread.run(Thread.java:842)
2026-01-25 16:44:34.371 [com.alibaba.nacos.client.remote.worker.1] INFO  c.a.nacos.common.remote.client.grpc.GrpcClient:210 - grpc client connection server:10.0.15.26 ip,serverPort:9848,grpcTslConfig:{"sslProvider":"","enableTls":false,"mutualAuthEnable":false,"trustAll":false}
2026-01-25 16:44:36.742 [com.alibaba.nacos.client.remote.worker.1] ERROR c.a.nacos.common.remote.client.grpc.GrpcClient:102 - Server check fail, please check server 10.0.15.26 ,port 9848 is available , error ={}
java.util.concurrent.TimeoutException: Waited 3000 milliseconds (plus 10 milliseconds, 436900 nanoseconds delay) for com.alibaba.nacos.shaded.io.grpc.stub.ClientCalls$GrpcFuture@68daf82c[status=PENDING, info=[GrpcFuture{clientCall=PendingCall{realCall=ClientCallImpl{method=MethodDescriptor{fullMethodName=Request/request, type=UNARY, idempotent=false, safe=false, sampledToLocalTracing=true, requestMarshaller=com.alibaba.nacos.shaded.io.grpc.protobuf.lite.ProtoLiteUtils$MessageMarshaller@33662649, responseMarshaller=com.alibaba.nacos.shaded.io.grpc.protobuf.lite.ProtoLiteUtils$MessageMarshaller@472c1d6f, schemaDescriptor=com.alibaba.nacos.api.grpc.auto.RequestGrpc$RequestMethodDescriptorSupplier@4457d3f3}}}}]]
	at com.alibaba.nacos.shaded.com.google.common.util.concurrent.AbstractFuture.get(AbstractFuture.java:531)
	at com.alibaba.nacos.common.remote.client.grpc.GrpcClient.serverCheck(GrpcClient.java:243)
	at com.alibaba.nacos.common.remote.client.grpc.GrpcClient.connectToServer(GrpcClient.java:367)
	at com.alibaba.nacos.common.remote.client.RpcClient.reconnect(RpcClient.java:502)
	at com.alibaba.nacos.common.remote.client.RpcClient.lambda$start$1(RpcClient.java:329)
	at java.base/java.util.concurrent.Executors$RunnableAdapter.call(Executors.java:539)
	at java.base/java.util.concurrent.FutureTask.run(FutureTask.java:264)
	at java.base/java.util.concurrent.ScheduledThreadPoolExecutor$ScheduledFutureTask.run(ScheduledThreadPoolExecutor.java:304)
	at java.base/java.util.concurrent.ThreadPoolExecutor.runWorker(ThreadPoolExecutor.java:1136)
	at java.base/java.util.concurrent.ThreadPoolExecutor$Worker.run(ThreadPoolExecutor.java:635)
	at java.base/java.lang.Thread.run(Thread.java:842)
2026-01-25 16:44:36.846 [com.alibaba.nacos.client.remote.worker.1] INFO  c.a.nacos.common.remote.client.grpc.GrpcClient:210 - grpc client connection server:10.0.15.26 ip,serverPort:9848,grpcTslConfig:{"sslProvider":"","enableTls":false,"mutualAuthEnable":false,"trustAll":false}
2026-01-25 16:44:37.146 [com.alibaba.nacos.client.remote.worker.1] ERROR c.a.nacos.common.remote.client.grpc.GrpcClient:102 - Server check fail, please check server 10.0.15.26 ,port 9848 is available , error ={}
java.util.concurrent.TimeoutException: Waited 3000 milliseconds (plus 12 milliseconds, 38500 nanoseconds delay) for com.alibaba.nacos.shaded.io.grpc.stub.ClientCalls$GrpcFuture@34f57381[status=PENDING, info=[GrpcFuture{clientCall=PendingCall{realCall=ClientCallImpl{method=MethodDescriptor{fullMethodName=Request/request, type=UNARY, idempotent=false, safe=false, sampledToLocalTracing=true, requestMarshaller=com.alibaba.nacos.shaded.io.grpc.protobuf.lite.ProtoLiteUtils$MessageMarshaller@33662649, responseMarshaller=com.alibaba.nacos.shaded.io.grpc.protobuf.lite.ProtoLiteUtils$MessageMarshaller@472c1d6f, schemaDescriptor=com.alibaba.nacos.api.grpc.auto.RequestGrpc$RequestMethodDescriptorSupplier@4457d3f3}}}}]]
	at com.alibaba.nacos.shaded.com.google.common.util.concurrent.AbstractFuture.get(AbstractFuture.java:531)
	at com.alibaba.nacos.common.remote.client.grpc.GrpcClient.serverCheck(GrpcClient.java:243)
	at com.alibaba.nacos.common.remote.client.grpc.GrpcClient.connectToServer(GrpcClient.java:367)
	at com.alibaba.nacos.common.remote.client.RpcClient.reconnect(RpcClient.java:502)
	at com.alibaba.nacos.common.remote.client.RpcClient.lambda$start$1(RpcClient.java:329)
	at java.base/java.util.concurrent.Executors$RunnableAdapter.call(Executors.java:539)
	at java.base/java.util.concurrent.FutureTask.run(FutureTask.java:264)
	at java.base/java.util.concurrent.ScheduledThreadPoolExecutor$ScheduledFutureTask.run(ScheduledThreadPoolExecutor.java:304)
	at java.base/java.util.concurrent.ThreadPoolExecutor.runWorker(ThreadPoolExecutor.java:1136)
	at java.base/java.util.concurrent.ThreadPoolExecutor$Worker.run(ThreadPoolExecutor.java:635)
	at java.base/java.lang.Thread.run(Thread.java:842)
2026-01-25 16:44:37.255 [com.alibaba.nacos.client.remote.worker.1] INFO  c.a.nacos.common.remote.client.grpc.GrpcClient:210 - grpc client connection server:10.0.15.26 ip,serverPort:9848,grpcTslConfig:{"sslProvider":"","enableTls":false,"mutualAuthEnable":false,"trustAll":false}
2026-01-25 16:44:37.381 [com.alibaba.nacos.client.remote.worker.1] ERROR c.a.nacos.common.remote.client.grpc.GrpcClient:102 - Server check fail, please check server 10.0.15.26 ,port 9848 is available , error ={}
java.util.concurrent.TimeoutException: Waited 3000 milliseconds (plus 7 milliseconds, 987300 nanoseconds delay) for com.alibaba.nacos.shaded.io.grpc.stub.ClientCalls$GrpcFuture@71dcd0e5[status=PENDING, info=[GrpcFuture{clientCall=PendingCall{realCall=ClientCallImpl{method=MethodDescriptor{fullMethodName=Request/request, type=UNARY, idempotent=false, safe=false, sampledToLocalTracing=true, requestMarshaller=com.alibaba.nacos.shaded.io.grpc.protobuf.lite.ProtoLiteUtils$MessageMarshaller@33662649, responseMarshaller=com.alibaba.nacos.shaded.io.grpc.protobuf.lite.ProtoLiteUtils$MessageMarshaller@472c1d6f, schemaDescriptor=com.alibaba.nacos.api.grpc.auto.RequestGrpc$RequestMethodDescriptorSupplier@4457d3f3}}}}]]
	at com.alibaba.nacos.shaded.com.google.common.util.concurrent.AbstractFuture.get(AbstractFuture.java:531)
	at com.alibaba.nacos.common.remote.client.grpc.GrpcClient.serverCheck(GrpcClient.java:243)
	at com.alibaba.nacos.common.remote.client.grpc.GrpcClient.connectToServer(GrpcClient.java:367)
	at com.alibaba.nacos.common.remote.client.RpcClient.reconnect(RpcClient.java:502)
	at com.alibaba.nacos.common.remote.client.RpcClient.lambda$start$1(RpcClient.java:329)
	at java.base/java.util.concurrent.Executors$RunnableAdapter.call(Executors.java:539)
	at java.base/java.util.concurrent.FutureTask.run(FutureTask.java:264)
	at java.base/java.util.concurrent.ScheduledThreadPoolExecutor$ScheduledFutureTask.run(ScheduledThreadPoolExecutor.java:304)
	at java.base/java.util.concurrent.ThreadPoolExecutor.runWorker(ThreadPoolExecutor.java:1136)
	at java.base/java.util.concurrent.ThreadPoolExecutor$Worker.run(ThreadPoolExecutor.java:635)
	at java.base/java.lang.Thread.run(Thread.java:842)
2026-01-25 16:44:37.382 [com.alibaba.nacos.client.remote.worker.1] INFO  com.alibaba.nacos.common.remote.client:63 - [7bd62890-4e03-4589-a031-8488a4f52fa3] Fail to connect server, after trying 1 times, last try server is {serverIp = '10.0.15.26', server main port = 8848}, error = unknown
2026-01-25 16:44:37.597 [com.alibaba.nacos.client.remote.worker.1] INFO  c.a.nacos.common.remote.client.grpc.GrpcClient:210 - grpc client connection server:10.0.15.26 ip,serverPort:9848,grpcTslConfig:{"sslProvider":"","enableTls":false,"mutualAuthEnable":false,"trustAll":false}
2026-01-25 16:44:38.409 [nacos-grpc-client-executor-10.0.15.26-46679] WARN  c.a.nacos.common.remote.client.grpc.GrpcClient:89 - [1769307388161_10.30.30.97_62771]Ignore error event,isRunning:false,isAbandon=false
2026-01-25 16:44:39.864 [com.alibaba.nacos.client.remote.worker.1] ERROR c.a.nacos.common.remote.client.grpc.GrpcClient:102 - Server check fail, please check server 10.0.15.26 ,port 9848 is available , error ={}
java.util.concurrent.TimeoutException: Waited 3000 milliseconds (plus 15 milliseconds, 786800 nanoseconds delay) for com.alibaba.nacos.shaded.io.grpc.stub.ClientCalls$GrpcFuture@513ffcc8[status=PENDING, info=[GrpcFuture{clientCall=PendingCall{realCall=ClientCallImpl{method=MethodDescriptor{fullMethodName=Request/request, type=UNARY, idempotent=false, safe=false, sampledToLocalTracing=true, requestMarshaller=com.alibaba.nacos.shaded.io.grpc.protobuf.lite.ProtoLiteUtils$MessageMarshaller@33662649, responseMarshaller=com.alibaba.nacos.shaded.io.grpc.protobuf.lite.ProtoLiteUtils$MessageMarshaller@472c1d6f, schemaDescriptor=com.alibaba.nacos.api.grpc.auto.RequestGrpc$RequestMethodDescriptorSupplier@4457d3f3}}}}]]
	at com.alibaba.nacos.shaded.com.google.common.util.concurrent.AbstractFuture.get(AbstractFuture.java:531)
	at com.alibaba.nacos.common.remote.client.grpc.GrpcClient.serverCheck(GrpcClient.java:243)
	at com.alibaba.nacos.common.remote.client.grpc.GrpcClient.connectToServer(GrpcClient.java:367)
	at com.alibaba.nacos.common.remote.client.RpcClient.reconnect(RpcClient.java:502)
	at com.alibaba.nacos.common.remote.client.RpcClient.lambda$start$1(RpcClient.java:329)
	at java.base/java.util.concurrent.Executors$RunnableAdapter.call(Executors.java:539)
	at java.base/java.util.concurrent.FutureTask.run(FutureTask.java:264)
	at java.base/java.util.concurrent.ScheduledThreadPoolExecutor$ScheduledFutureTask.run(ScheduledThreadPoolExecutor.java:304)
	at java.base/java.util.concurrent.ThreadPoolExecutor.runWorker(ThreadPoolExecutor.java:1136)
	at java.base/java.util.concurrent.ThreadPoolExecutor$Worker.run(ThreadPoolExecutor.java:635)
	at java.base/java.lang.Thread.run(Thread.java:842)
2026-01-25 16:44:39.868 [com.alibaba.nacos.client.remote.worker.1] INFO  com.alibaba.nacos.common.remote.client:63 - [f147ca6c-d1db-4a8c-9638-f1f5700bc480_config-0] Fail to connect server, after trying 1 times, last try server is {serverIp = '10.0.15.26', server main port = 8848}, error = unknown
2026-01-25 16:44:40.081 [com.alibaba.nacos.client.remote.worker.1] INFO  c.a.nacos.common.remote.client.grpc.GrpcClient:210 - grpc client connection server:10.0.15.26 ip,serverPort:9848,grpcTslConfig:{"sslProvider":"","enableTls":false,"mutualAuthEnable":false,"trustAll":false}
2026-01-25 16:44:40.271 [com.alibaba.nacos.client.remote.worker.1] ERROR c.a.nacos.common.remote.client.grpc.GrpcClient:102 - Server check fail, please check server 10.0.15.26 ,port 9848 is available , error ={}
java.util.concurrent.TimeoutException: Waited 3000 milliseconds (plus 13 milliseconds, 899100 nanoseconds delay) for com.alibaba.nacos.shaded.io.grpc.stub.ClientCalls$GrpcFuture@618f002e[status=PENDING, info=[GrpcFuture{clientCall=PendingCall{realCall=ClientCallImpl{method=MethodDescriptor{fullMethodName=Request/request, type=UNARY, idempotent=false, safe=false, sampledToLocalTracing=true, requestMarshaller=com.alibaba.nacos.shaded.io.grpc.protobuf.lite.ProtoLiteUtils$MessageMarshaller@33662649, responseMarshaller=com.alibaba.nacos.shaded.io.grpc.protobuf.lite.ProtoLiteUtils$MessageMarshaller@472c1d6f, schemaDescriptor=com.alibaba.nacos.api.grpc.auto.RequestGrpc$RequestMethodDescriptorSupplier@4457d3f3}}}}]]
	at com.alibaba.nacos.shaded.com.google.common.util.concurrent.AbstractFuture.get(AbstractFuture.java:531)
	at com.alibaba.nacos.common.remote.client.grpc.GrpcClient.serverCheck(GrpcClient.java:243)
	at com.alibaba.nacos.common.remote.client.grpc.GrpcClient.connectToServer(GrpcClient.java:367)
	at com.alibaba.nacos.common.remote.client.RpcClient.reconnect(RpcClient.java:502)
	at com.alibaba.nacos.common.remote.client.RpcClient.lambda$start$1(RpcClient.java:329)
	at java.base/java.util.concurrent.Executors$RunnableAdapter.call(Executors.java:539)
	at java.base/java.util.concurrent.FutureTask.run(FutureTask.java:264)
	at java.base/java.util.concurrent.ScheduledThreadPoolExecutor$ScheduledFutureTask.run(ScheduledThreadPoolExecutor.java:304)
	at java.base/java.util.concurrent.ThreadPoolExecutor.runWorker(ThreadPoolExecutor.java:1136)
	at java.base/java.util.concurrent.ThreadPoolExecutor$Worker.run(ThreadPoolExecutor.java:635)
	at java.base/java.lang.Thread.run(Thread.java:842)
2026-01-25 16:44:40.273 [com.alibaba.nacos.client.remote.worker.1] INFO  com.alibaba.nacos.common.remote.client:63 - [186ef5d9-938e-451e-a735-887fe162fb60_config-0] Fail to connect server, after trying 1 times, last try server is {serverIp = '10.0.15.26', server main port = 8848}, error = unknown
2026-01-25 16:44:40.474 [com.alibaba.nacos.client.remote.worker.1] INFO  c.a.nacos.common.remote.client.grpc.GrpcClient:210 - grpc client connection server:10.0.15.26 ip,serverPort:9848,grpcTslConfig:{"sslProvider":"","enableTls":false,"mutualAuthEnable":false,"trustAll":false}
2026-01-25 16:44:40.600 [com.alibaba.nacos.client.remote.worker.1] ERROR c.a.nacos.common.remote.client.grpc.GrpcClient:102 - Server check fail, please check server 10.0.15.26 ,port 9848 is available , error ={}
java.util.concurrent.TimeoutException: Waited 3000 milliseconds (plus 747500 nanoseconds delay) for com.alibaba.nacos.shaded.io.grpc.stub.ClientCalls$GrpcFuture@7c2b62c6[status=PENDING, info=[GrpcFuture{clientCall=PendingCall{realCall=ClientCallImpl{method=MethodDescriptor{fullMethodName=Request/request, type=UNARY, idempotent=false, safe=false, sampledToLocalTracing=true, requestMarshaller=com.alibaba.nacos.shaded.io.grpc.protobuf.lite.ProtoLiteUtils$MessageMarshaller@33662649, responseMarshaller=com.alibaba.nacos.shaded.io.grpc.protobuf.lite.ProtoLiteUtils$MessageMarshaller@472c1d6f, schemaDescriptor=com.alibaba.nacos.api.grpc.auto.RequestGrpc$RequestMethodDescriptorSupplier@4457d3f3}}}}]]
	at com.alibaba.nacos.shaded.com.google.common.util.concurrent.AbstractFuture.get(AbstractFuture.java:531)
	at com.alibaba.nacos.common.remote.client.grpc.GrpcClient.serverCheck(GrpcClient.java:243)
	at com.alibaba.nacos.common.remote.client.grpc.GrpcClient.connectToServer(GrpcClient.java:367)
	at com.alibaba.nacos.common.remote.client.RpcClient.reconnect(RpcClient.java:502)
	at com.alibaba.nacos.common.remote.client.RpcClient.lambda$start$1(RpcClient.java:329)
	at java.base/java.util.concurrent.Executors$RunnableAdapter.call(Executors.java:539)
	at java.base/java.util.concurrent.FutureTask.run(FutureTask.java:264)
	at java.base/java.util.concurrent.ScheduledThreadPoolExecutor$ScheduledFutureTask.run(ScheduledThreadPoolExecutor.java:304)
	at java.base/java.util.concurrent.ThreadPoolExecutor.runWorker(ThreadPoolExecutor.java:1136)
	at java.base/java.util.concurrent.ThreadPoolExecutor$Worker.run(ThreadPoolExecutor.java:635)
	at java.base/java.lang.Thread.run(Thread.java:842)
2026-01-25 16:44:40.602 [com.alibaba.nacos.client.remote.worker.1] INFO  com.alibaba.nacos.common.remote.client:63 - [7bd62890-4e03-4589-a031-8488a4f52fa3] Fail to connect server, after trying 2 times, last try server is {serverIp = '10.0.15.26', server main port = 8848}, error = unknown
2026-01-25 16:44:40.865 [nacos-grpc-client-executor-10.0.15.26-46696] WARN  c.a.nacos.common.remote.client.grpc.GrpcClient:89 - [1769307386087_10.30.30.97_53953]Ignore error event,isRunning:false,isAbandon=false
2026-01-25 16:44:40.909 [com.alibaba.nacos.client.remote.worker.1] INFO  c.a.nacos.common.remote.client.grpc.GrpcClient:210 - grpc client connection server:10.0.15.26 ip,serverPort:9848,grpcTslConfig:{"sslProvider":"","enableTls":false,"mutualAuthEnable":false,"trustAll":false}
2026-01-25 16:44:41.287 [nacos-grpc-client-executor-10.0.15.26-46723] WARN  c.a.nacos.common.remote.client.grpc.GrpcClient:89 - [1769307386877_10.30.30.97_53948]Ignore error event,isRunning:false,isAbandon=false
2026-01-25 16:44:43.098 [com.alibaba.nacos.client.remote.worker.1] ERROR c.a.nacos.common.remote.client.grpc.GrpcClient:102 - Server check fail, please check server 10.0.15.26 ,port 9848 is available , error ={}
java.util.concurrent.TimeoutException: Waited 3000 milliseconds (plus 13 milliseconds, 769400 nanoseconds delay) for com.alibaba.nacos.shaded.io.grpc.stub.ClientCalls$GrpcFuture@3ec44c4a[status=PENDING, info=[GrpcFuture{clientCall=PendingCall{realCall=ClientCallImpl{method=MethodDescriptor{fullMethodName=Request/request, type=UNARY, idempotent=false, safe=false, sampledToLocalTracing=true, requestMarshaller=com.alibaba.nacos.shaded.io.grpc.protobuf.lite.ProtoLiteUtils$MessageMarshaller@33662649, responseMarshaller=com.alibaba.nacos.shaded.io.grpc.protobuf.lite.ProtoLiteUtils$MessageMarshaller@472c1d6f, schemaDescriptor=com.alibaba.nacos.api.grpc.auto.RequestGrpc$RequestMethodDescriptorSupplier@4457d3f3}}}}]]
	at com.alibaba.nacos.shaded.com.google.common.util.concurrent.AbstractFuture.get(AbstractFuture.java:531)
	at com.alibaba.nacos.common.remote.client.grpc.GrpcClient.serverCheck(GrpcClient.java:243)
	at com.alibaba.nacos.common.remote.client.grpc.GrpcClient.connectToServer(GrpcClient.java:367)
	at com.alibaba.nacos.common.remote.client.RpcClient.reconnect(RpcClient.java:502)
	at com.alibaba.nacos.common.remote.client.RpcClient.lambda$start$1(RpcClient.java:329)
	at java.base/java.util.concurrent.Executors$RunnableAdapter.call(Executors.java:539)
	at java.base/java.util.concurrent.FutureTask.run(FutureTask.java:264)
	at java.base/java.util.concurrent.ScheduledThreadPoolExecutor$ScheduledFutureTask.run(ScheduledThreadPoolExecutor.java:304)
	at java.base/java.util.concurrent.ThreadPoolExecutor.runWorker(ThreadPoolExecutor.java:1136)
	at java.base/java.util.concurrent.ThreadPoolExecutor$Worker.run(ThreadPoolExecutor.java:635)
	at java.base/java.lang.Thread.run(Thread.java:842)
2026-01-25 16:44:43.100 [com.alibaba.nacos.client.remote.worker.1] INFO  com.alibaba.nacos.common.remote.client:63 - [f147ca6c-d1db-4a8c-9638-f1f5700bc480_config-0] Fail to connect server, after trying 2 times, last try server is {serverIp = '10.0.15.26', server main port = 8848}, error = unknown
2026-01-25 16:44:43.409 [com.alibaba.nacos.client.remote.worker.1] INFO  c.a.nacos.common.remote.client.grpc.GrpcClient:210 - grpc client connection server:10.0.15.26 ip,serverPort:9848,grpcTslConfig:{"sslProvider":"","enableTls":false,"mutualAuthEnable":false,"trustAll":false}
2026-01-25 16:44:43.487 [com.alibaba.nacos.client.remote.worker.1] ERROR c.a.nacos.common.remote.client.grpc.GrpcClient:102 - Server check fail, please check server 10.0.15.26 ,port 9848 is available , error ={}
java.util.concurrent.TimeoutException: Waited 3000 milliseconds (plus 10 milliseconds, 51200 nanoseconds delay) for com.alibaba.nacos.shaded.io.grpc.stub.ClientCalls$GrpcFuture@1e44d569[status=PENDING, info=[GrpcFuture{clientCall=PendingCall{realCall=ClientCallImpl{method=MethodDescriptor{fullMethodName=Request/request, type=UNARY, idempotent=false, safe=false, sampledToLocalTracing=true, requestMarshaller=com.alibaba.nacos.shaded.io.grpc.protobuf.lite.ProtoLiteUtils$MessageMarshaller@33662649, responseMarshaller=com.alibaba.nacos.shaded.io.grpc.protobuf.lite.ProtoLiteUtils$MessageMarshaller@472c1d6f, schemaDescriptor=com.alibaba.nacos.api.grpc.auto.RequestGrpc$RequestMethodDescriptorSupplier@4457d3f3}}}}]]
	at com.alibaba.nacos.shaded.com.google.common.util.concurrent.AbstractFuture.get(AbstractFuture.java:531)
	at com.alibaba.nacos.common.remote.client.grpc.GrpcClient.serverCheck(GrpcClient.java:243)
	at com.alibaba.nacos.common.remote.client.grpc.GrpcClient.connectToServer(GrpcClient.java:367)
	at com.alibaba.nacos.common.remote.client.RpcClient.reconnect(RpcClient.java:502)
	at com.alibaba.nacos.common.remote.client.RpcClient.lambda$start$1(RpcClient.java:329)
	at java.base/java.util.concurrent.Executors$RunnableAdapter.call(Executors.java:539)
	at java.base/java.util.concurrent.FutureTask.run(FutureTask.java:264)
	at java.base/java.util.concurrent.ScheduledThreadPoolExecutor$ScheduledFutureTask.run(ScheduledThreadPoolExecutor.java:304)
	at java.base/java.util.concurrent.ThreadPoolExecutor.runWorker(ThreadPoolExecutor.java:1136)
	at java.base/java.util.concurrent.ThreadPoolExecutor$Worker.run(ThreadPoolExecutor.java:635)
	at java.base/java.lang.Thread.run(Thread.java:842)
2026-01-25 16:44:43.488 [com.alibaba.nacos.client.remote.worker.1] INFO  com.alibaba.nacos.common.remote.client:63 - [186ef5d9-938e-451e-a735-887fe162fb60_config-0] Fail to connect server, after trying 2 times, last try server is {serverIp = '10.0.15.26', server main port = 8848}, error = unknown
2026-01-25 16:44:43.798 [com.alibaba.nacos.client.remote.worker.1] INFO  c.a.nacos.common.remote.client.grpc.GrpcClient:210 - grpc client connection server:10.0.15.26 ip,serverPort:9848,grpcTslConfig:{"sslProvider":"","enableTls":false,"mutualAuthEnable":false,"trustAll":false}
2026-01-25 16:44:43.921 [com.alibaba.nacos.client.remote.worker.1] ERROR c.a.nacos.common.remote.client.grpc.GrpcClient:102 - Server check fail, please check server 10.0.15.26 ,port 9848 is available , error ={}
java.util.concurrent.TimeoutException: Waited 3000 milliseconds (plus 10 milliseconds, 859800 nanoseconds delay) for com.alibaba.nacos.shaded.io.grpc.stub.ClientCalls$GrpcFuture@5848d861[status=PENDING, info=[GrpcFuture{clientCall=PendingCall{realCall=ClientCallImpl{method=MethodDescriptor{fullMethodName=Request/request, type=UNARY, idempotent=false, safe=false, sampledToLocalTracing=true, requestMarshaller=com.alibaba.nacos.shaded.io.grpc.protobuf.lite.ProtoLiteUtils$MessageMarshaller@33662649, responseMarshaller=com.alibaba.nacos.shaded.io.grpc.protobuf.lite.ProtoLiteUtils$MessageMarshaller@472c1d6f, schemaDescriptor=com.alibaba.nacos.api.grpc.auto.RequestGrpc$RequestMethodDescriptorSupplier@4457d3f3}}}}]]
	at com.alibaba.nacos.shaded.com.google.common.util.concurrent.AbstractFuture.get(AbstractFuture.java:531)
	at com.alibaba.nacos.common.remote.client.grpc.GrpcClient.serverCheck(GrpcClient.java:243)
	at com.alibaba.nacos.common.remote.client.grpc.GrpcClient.connectToServer(GrpcClient.java:367)
	at com.alibaba.nacos.common.remote.client.RpcClient.reconnect(RpcClient.java:502)
	at com.alibaba.nacos.common.remote.client.RpcClient.lambda$start$1(RpcClient.java:329)
	at java.base/java.util.concurrent.Executors$RunnableAdapter.call(Executors.java:539)
	at java.base/java.util.concurrent.FutureTask.run(FutureTask.java:264)
	at java.base/java.util.concurrent.ScheduledThreadPoolExecutor$ScheduledFutureTask.run(ScheduledThreadPoolExecutor.java:304)
	at java.base/java.util.concurrent.ThreadPoolExecutor.runWorker(ThreadPoolExecutor.java:1136)
	at java.base/java.util.concurrent.ThreadPoolExecutor$Worker.run(ThreadPoolExecutor.java:635)
	at java.base/java.lang.Thread.run(Thread.java:842)
2026-01-25 16:44:43.923 [com.alibaba.nacos.client.remote.worker.1] INFO  com.alibaba.nacos.common.remote.client:63 - [7bd62890-4e03-4589-a031-8488a4f52fa3] Fail to connect server, after trying 3 times, last try server is {serverIp = '10.0.15.26', server main port = 8848}, error = unknown
2026-01-25 16:44:44.329 [com.alibaba.nacos.client.remote.worker.1] INFO  c.a.nacos.common.remote.client.grpc.GrpcClient:210 - grpc client connection server:10.0.15.26 ip,serverPort:9848,grpcTslConfig:{"sslProvider":"","enableTls":false,"mutualAuthEnable":false,"trustAll":false}
2026-01-25 16:44:46.410 [com.alibaba.nacos.client.remote.worker.1] ERROR c.a.nacos.common.remote.client.grpc.GrpcClient:102 - Server check fail, please check server 10.0.15.26 ,port 9848 is available , error ={}
java.util.concurrent.TimeoutException: Waited 3000 milliseconds (plus 17700 nanoseconds delay) for com.alibaba.nacos.shaded.io.grpc.stub.ClientCalls$GrpcFuture@2464a575[status=PENDING, info=[GrpcFuture{clientCall=PendingCall{realCall=ClientCallImpl{method=MethodDescriptor{fullMethodName=Request/request, type=UNARY, idempotent=false, safe=false, sampledToLocalTracing=true, requestMarshaller=com.alibaba.nacos.shaded.io.grpc.protobuf.lite.ProtoLiteUtils$MessageMarshaller@33662649, responseMarshaller=com.alibaba.nacos.shaded.io.grpc.protobuf.lite.ProtoLiteUtils$MessageMarshaller@472c1d6f, schemaDescriptor=com.alibaba.nacos.api.grpc.auto.RequestGrpc$RequestMethodDescriptorSupplier@4457d3f3}}}}]]
	at com.alibaba.nacos.shaded.com.google.common.util.concurrent.AbstractFuture.get(AbstractFuture.java:531)
	at com.alibaba.nacos.common.remote.client.grpc.GrpcClient.serverCheck(GrpcClient.java:243)
	at com.alibaba.nacos.common.remote.client.grpc.GrpcClient.connectToServer(GrpcClient.java:367)
	at com.alibaba.nacos.common.remote.client.RpcClient.reconnect(RpcClient.java:502)
	at com.alibaba.nacos.common.remote.client.RpcClient.lambda$start$1(RpcClient.java:329)
	at java.base/java.util.concurrent.Executors$RunnableAdapter.call(Executors.java:539)
	at java.base/java.util.concurrent.FutureTask.run(FutureTask.java:264)
	at java.base/java.util.concurrent.ScheduledThreadPoolExecutor$ScheduledFutureTask.run(ScheduledThreadPoolExecutor.java:304)
	at java.base/java.util.concurrent.ThreadPoolExecutor.runWorker(ThreadPoolExecutor.java:1136)
	at java.base/java.util.concurrent.ThreadPoolExecutor$Worker.run(ThreadPoolExecutor.java:635)
	at java.base/java.lang.Thread.run(Thread.java:842)
2026-01-25 16:44:46.416 [com.alibaba.nacos.client.remote.worker.1] INFO  com.alibaba.nacos.common.remote.client:63 - [f147ca6c-d1db-4a8c-9638-f1f5700bc480_config-0] Fail to connect server, after trying 3 times, last try server is {serverIp = '10.0.15.26', server main port = 8848}, error = unknown
2026-01-25 16:44:46.815 [com.alibaba.nacos.client.remote.worker.1] ERROR c.a.nacos.common.remote.client.grpc.GrpcClient:102 - Server check fail, please check server 10.0.15.26 ,port 9848 is available , error ={}
java.util.concurrent.TimeoutException: Waited 3000 milliseconds (plus 13 milliseconds, 830500 nanoseconds delay) for com.alibaba.nacos.shaded.io.grpc.stub.ClientCalls$GrpcFuture@6c3b4514[status=PENDING, info=[GrpcFuture{clientCall=PendingCall{realCall=ClientCallImpl{method=MethodDescriptor{fullMethodName=Request/request, type=UNARY, idempotent=false, safe=false, sampledToLocalTracing=true, requestMarshaller=com.alibaba.nacos.shaded.io.grpc.protobuf.lite.ProtoLiteUtils$MessageMarshaller@33662649, responseMarshaller=com.alibaba.nacos.shaded.io.grpc.protobuf.lite.ProtoLiteUtils$MessageMarshaller@472c1d6f, schemaDescriptor=com.alibaba.nacos.api.grpc.auto.RequestGrpc$RequestMethodDescriptorSupplier@4457d3f3}}}}]]
	at com.alibaba.nacos.shaded.com.google.common.util.concurrent.AbstractFuture.get(AbstractFuture.java:531)
	at com.alibaba.nacos.common.remote.client.grpc.GrpcClient.serverCheck(GrpcClient.java:243)
	at com.alibaba.nacos.common.remote.client.grpc.GrpcClient.connectToServer(GrpcClient.java:367)
	at com.alibaba.nacos.common.remote.client.RpcClient.reconnect(RpcClient.java:502)
	at com.alibaba.nacos.common.remote.client.RpcClient.lambda$start$1(RpcClient.java:329)
	at java.base/java.util.concurrent.Executors$RunnableAdapter.call(Executors.java:539)
	at java.base/java.util.concurrent.FutureTask.run(FutureTask.java:264)
	at java.base/java.util.concurrent.ScheduledThreadPoolExecutor$ScheduledFutureTask.run(ScheduledThreadPoolExecutor.java:304)
	at java.base/java.util.concurrent.ThreadPoolExecutor.runWorker(ThreadPoolExecutor.java:1136)
	at java.base/java.util.concurrent.ThreadPoolExecutor$Worker.run(ThreadPoolExecutor.java:635)
	at java.base/java.lang.Thread.run(Thread.java:842)
2026-01-25 16:44:46.816 [com.alibaba.nacos.client.remote.worker.1] INFO  com.alibaba.nacos.common.remote.client:63 - [186ef5d9-938e-451e-a735-887fe162fb60_config-0] Fail to connect server, after trying 3 times, last try server is {serverIp = '10.0.15.26', server main port = 8848}, error = unknown
2026-01-25 16:44:46.830 [com.alibaba.nacos.client.remote.worker.1] INFO  c.a.nacos.common.remote.client.grpc.GrpcClient:210 - grpc client connection server:10.0.15.26 ip,serverPort:9848,grpcTslConfig:{"sslProvider":"","enableTls":false,"mutualAuthEnable":false,"trustAll":false}
2026-01-25 16:44:47.220 [com.alibaba.nacos.client.remote.worker.1] INFO  c.a.nacos.common.remote.client.grpc.GrpcClient:210 - grpc client connection server:10.0.15.26 ip,serverPort:9848,grpcTslConfig:{"sslProvider":"","enableTls":false,"mutualAuthEnable":false,"trustAll":false}
2026-01-25 16:44:47.345 [com.alibaba.nacos.client.remote.worker.1] ERROR c.a.nacos.common.remote.client.grpc.GrpcClient:102 - Server check fail, please check server 10.0.15.26 ,port 9848 is available , error ={}
java.util.concurrent.TimeoutException: Waited 3000 milliseconds (plus 14 milliseconds, 453900 nanoseconds delay) for com.alibaba.nacos.shaded.io.grpc.stub.ClientCalls$GrpcFuture@a08ce91[status=PENDING, info=[GrpcFuture{clientCall=PendingCall{realCall=ClientCallImpl{method=MethodDescriptor{fullMethodName=Request/request, type=UNARY, idempotent=false, safe=false, sampledToLocalTracing=true, requestMarshaller=com.alibaba.nacos.shaded.io.grpc.protobuf.lite.ProtoLiteUtils$MessageMarshaller@33662649, responseMarshaller=com.alibaba.nacos.shaded.io.grpc.protobuf.lite.ProtoLiteUtils$MessageMarshaller@472c1d6f, schemaDescriptor=com.alibaba.nacos.api.grpc.auto.RequestGrpc$RequestMethodDescriptorSupplier@4457d3f3}}}}]]
	at com.alibaba.nacos.shaded.com.google.common.util.concurrent.AbstractFuture.get(AbstractFuture.java:531)
	at com.alibaba.nacos.common.remote.client.grpc.GrpcClient.serverCheck(GrpcClient.java:243)
	at com.alibaba.nacos.common.remote.client.grpc.GrpcClient.connectToServer(GrpcClient.java:367)
	at com.alibaba.nacos.common.remote.client.RpcClient.reconnect(RpcClient.java:502)
	at com.alibaba.nacos.common.remote.client.RpcClient.lambda$start$1(RpcClient.java:329)
	at java.base/java.util.concurrent.Executors$RunnableAdapter.call(Executors.java:539)
	at java.base/java.util.concurrent.FutureTask.run(FutureTask.java:264)
	at java.base/java.util.concurrent.ScheduledThreadPoolExecutor$ScheduledFutureTask.run(ScheduledThreadPoolExecutor.java:304)
	at java.base/java.util.concurrent.ThreadPoolExecutor.runWorker(ThreadPoolExecutor.java:1136)
	at java.base/java.util.concurrent.ThreadPoolExecutor$Worker.run(ThreadPoolExecutor.java:635)
	at java.base/java.lang.Thread.run(Thread.java:842)
2026-01-25 16:44:47.347 [com.alibaba.nacos.client.remote.worker.1] INFO  com.alibaba.nacos.common.remote.client:63 - [7bd62890-4e03-4589-a031-8488a4f52fa3] Fail to connect server, after trying 4 times, last try server is {serverIp = '10.0.15.26', server main port = 8848}, error = unknown
2026-01-25 16:44:47.848 [com.alibaba.nacos.client.remote.worker.1] INFO  c.a.nacos.common.remote.client.grpc.GrpcClient:210 - grpc client connection server:10.0.15.26 ip,serverPort:9848,grpcTslConfig:{"sslProvider":"","enableTls":false,"mutualAuthEnable":false,"trustAll":false}
2026-01-25 16:44:49.838 [com.alibaba.nacos.client.remote.worker.1] ERROR c.a.nacos.common.remote.client.grpc.GrpcClient:102 - Server check fail, please check server 10.0.15.26 ,port 9848 is available , error ={}
java.util.concurrent.TimeoutException: Waited 3000 milliseconds (plus 5 milliseconds, 682500 nanoseconds delay) for com.alibaba.nacos.shaded.io.grpc.stub.ClientCalls$GrpcFuture@55b08423[status=PENDING, info=[GrpcFuture{clientCall=PendingCall{realCall=ClientCallImpl{method=MethodDescriptor{fullMethodName=Request/request, type=UNARY, idempotent=false, safe=false, sampledToLocalTracing=true, requestMarshaller=com.alibaba.nacos.shaded.io.grpc.protobuf.lite.ProtoLiteUtils$MessageMarshaller@33662649, responseMarshaller=com.alibaba.nacos.shaded.io.grpc.protobuf.lite.ProtoLiteUtils$MessageMarshaller@472c1d6f, schemaDescriptor=com.alibaba.nacos.api.grpc.auto.RequestGrpc$RequestMethodDescriptorSupplier@4457d3f3}}}}]]
	at com.alibaba.nacos.shaded.com.google.common.util.concurrent.AbstractFuture.get(AbstractFuture.java:531)
	at com.alibaba.nacos.common.remote.client.grpc.GrpcClient.serverCheck(GrpcClient.java:243)
	at com.alibaba.nacos.common.remote.client.grpc.GrpcClient.connectToServer(GrpcClient.java:367)
	at com.alibaba.nacos.common.remote.client.RpcClient.reconnect(RpcClient.java:502)
	at com.alibaba.nacos.common.remote.client.RpcClient.lambda$start$1(RpcClient.java:329)
	at java.base/java.util.concurrent.Executors$RunnableAdapter.call(Executors.java:539)
	at java.base/java.util.concurrent.FutureTask.run(FutureTask.java:264)
	at java.base/java.util.concurrent.ScheduledThreadPoolExecutor$ScheduledFutureTask.run(ScheduledThreadPoolExecutor.java:304)
	at java.base/java.util.concurrent.ThreadPoolExecutor.runWorker(ThreadPoolExecutor.java:1136)
	at java.base/java.util.concurrent.ThreadPoolExecutor$Worker.run(ThreadPoolExecutor.java:635)
	at java.base/java.lang.Thread.run(Thread.java:842)
2026-01-25 16:44:49.839 [com.alibaba.nacos.client.remote.worker.1] INFO  com.alibaba.nacos.common.remote.client:63 - [f147ca6c-d1db-4a8c-9638-f1f5700bc480_config-0] Fail to connect server, after trying 4 times, last try server is {serverIp = '10.0.15.26', server main port = 8848}, error = unknown
2026-01-25 16:44:50.232 [com.alibaba.nacos.client.remote.worker.1] ERROR c.a.nacos.common.remote.client.grpc.GrpcClient:102 - Server check fail, please check server 10.0.15.26 ,port 9848 is available , error ={}
java.util.concurrent.TimeoutException: Waited 3000 milliseconds (plus 8 milliseconds, 272300 nanoseconds delay) for com.alibaba.nacos.shaded.io.grpc.stub.ClientCalls$GrpcFuture@40bbf0dd[status=PENDING, info=[GrpcFuture{clientCall=PendingCall{realCall=ClientCallImpl{method=MethodDescriptor{fullMethodName=Request/request, type=UNARY, idempotent=false, safe=false, sampledToLocalTracing=true, requestMarshaller=com.alibaba.nacos.shaded.io.grpc.protobuf.lite.ProtoLiteUtils$MessageMarshaller@33662649, responseMarshaller=com.alibaba.nacos.shaded.io.grpc.protobuf.lite.ProtoLiteUtils$MessageMarshaller@472c1d6f, schemaDescriptor=com.alibaba.nacos.api.grpc.auto.RequestGrpc$RequestMethodDescriptorSupplier@4457d3f3}}}}]]
	at com.alibaba.nacos.shaded.com.google.common.util.concurrent.AbstractFuture.get(AbstractFuture.java:531)
	at com.alibaba.nacos.common.remote.client.grpc.GrpcClient.serverCheck(GrpcClient.java:243)
	at com.alibaba.nacos.common.remote.client.grpc.GrpcClient.connectToServer(GrpcClient.java:367)
	at com.alibaba.nacos.common.remote.client.RpcClient.reconnect(RpcClient.java:502)
	at com.alibaba.nacos.common.remote.client.RpcClient.lambda$start$1(RpcClient.java:329)
	at java.base/java.util.concurrent.Executors$RunnableAdapter.call(Executors.java:539)
	at java.base/java.util.concurrent.FutureTask.run(FutureTask.java:264)
	at java.base/java.util.concurrent.ScheduledThreadPoolExecutor$ScheduledFutureTask.run(ScheduledThreadPoolExecutor.java:304)
	at java.base/java.util.concurrent.ThreadPoolExecutor.runWorker(ThreadPoolExecutor.java:1136)
	at java.base/java.util.concurrent.ThreadPoolExecutor$Worker.run(ThreadPoolExecutor.java:635)
	at java.base/java.lang.Thread.run(Thread.java:842)
2026-01-25 16:44:50.233 [com.alibaba.nacos.client.remote.worker.1] INFO  com.alibaba.nacos.common.remote.client:63 - [186ef5d9-938e-451e-a735-887fe162fb60_config-0] Fail to connect server, after trying 4 times, last try server is {serverIp = '10.0.15.26', server main port = 8848}, error = unknown
2026-01-25 16:44:50.341 [com.alibaba.nacos.client.remote.worker.1] INFO  c.a.nacos.common.remote.client.grpc.GrpcClient:210 - grpc client connection server:10.0.15.26 ip,serverPort:9848,grpcTslConfig:{"sslProvider":"","enableTls":false,"mutualAuthEnable":false,"trustAll":false}
2026-01-25 16:44:50.394 [com.alibaba.nacos.client.remote.worker.1] INFO  com.alibaba.nacos.common.remote.client:63 - [f147ca6c-d1db-4a8c-9638-f1f5700bc480_config-0] Success to connect a server [10.0.15.26:8848], connectionId = 1769330691196_10.30.30.97_65076
2026-01-25 16:44:50.394 [com.alibaba.nacos.client.remote.worker.1] INFO  com.alibaba.nacos.common.remote.client:63 - [f147ca6c-d1db-4a8c-9638-f1f5700bc480_config-0] Abandon prev connection, server is 10.0.15.26:8848, connectionId is 1769307386087_10.30.30.97_53953
2026-01-25 16:44:50.394 [com.alibaba.nacos.client.remote.worker.1] INFO  com.alibaba.nacos.common.remote.client:584 - Close current connection 1769307386087_10.30.30.97_53953
2026-01-25 16:44:50.394 [com.alibaba.nacos.client.remote.worker.0] INFO  com.alibaba.nacos.common.remote.client:63 - [f147ca6c-d1db-4a8c-9638-f1f5700bc480_config-0] Notify disconnected event to listeners
2026-01-25 16:44:50.395 [com.alibaba.nacos.client.remote.worker.0] INFO  com.alibaba.nacos.client.config.impl.ClientWorker:720 - [f147ca6c-d1db-4a8c-9638-f1f5700bc480_config-0] DisConnected,clear listen context...
2026-01-25 16:44:50.395 [com.alibaba.nacos.client.remote.worker.0] INFO  com.alibaba.nacos.common.remote.client:63 - [f147ca6c-d1db-4a8c-9638-f1f5700bc480_config-0] Notify connected event to listeners.
2026-01-25 16:44:50.395 [com.alibaba.nacos.client.remote.worker.0] INFO  com.alibaba.nacos.client.config.impl.ClientWorker:713 - [f147ca6c-d1db-4a8c-9638-f1f5700bc480_config-0] Connected,notify listen context...
2026-01-25 16:44:50.748 [com.alibaba.nacos.client.remote.worker.1] INFO  c.a.nacos.common.remote.client.grpc.GrpcClient:210 - grpc client connection server:10.0.15.26 ip,serverPort:9848,grpcTslConfig:{"sslProvider":"","enableTls":false,"mutualAuthEnable":false,"trustAll":false}
2026-01-25 16:44:50.793 [com.alibaba.nacos.client.remote.worker.1] INFO  com.alibaba.nacos.common.remote.client:63 - [186ef5d9-938e-451e-a735-887fe162fb60_config-0] Success to connect a server [10.0.15.26:8848], connectionId = 1769330691599_10.30.30.97_65077
2026-01-25 16:44:50.794 [com.alibaba.nacos.client.remote.worker.1] INFO  com.alibaba.nacos.common.remote.client:63 - [186ef5d9-938e-451e-a735-887fe162fb60_config-0] Abandon prev connection, server is 10.0.15.26:8848, connectionId is 1769307386877_10.30.30.97_53948
2026-01-25 16:44:50.794 [com.alibaba.nacos.client.remote.worker.1] INFO  com.alibaba.nacos.common.remote.client:584 - Close current connection 1769307386877_10.30.30.97_53948
2026-01-25 16:44:50.795 [com.alibaba.nacos.client.remote.worker.0] INFO  com.alibaba.nacos.common.remote.client:63 - [186ef5d9-938e-451e-a735-887fe162fb60_config-0] Notify disconnected event to listeners
2026-01-25 16:44:50.795 [com.alibaba.nacos.client.remote.worker.0] INFO  com.alibaba.nacos.client.config.impl.ClientWorker:720 - [186ef5d9-938e-451e-a735-887fe162fb60_config-0] DisConnected,clear listen context...
2026-01-25 16:44:50.795 [com.alibaba.nacos.client.remote.worker.0] INFO  com.alibaba.nacos.common.remote.client:63 - [186ef5d9-938e-451e-a735-887fe162fb60_config-0] Notify connected event to listeners.
2026-01-25 16:44:50.795 [com.alibaba.nacos.client.remote.worker.0] INFO  com.alibaba.nacos.client.config.impl.ClientWorker:713 - [186ef5d9-938e-451e-a735-887fe162fb60_config-0] Connected,notify listen context...
2026-01-25 16:44:50.857 [com.alibaba.nacos.client.remote.worker.1] ERROR c.a.nacos.common.remote.client.grpc.GrpcClient:102 - Server check fail, please check server 10.0.15.26 ,port 9848 is available , error ={}
java.util.concurrent.TimeoutException: Waited 3000 milliseconds (plus 7 milliseconds, 478100 nanoseconds delay) for com.alibaba.nacos.shaded.io.grpc.stub.ClientCalls$GrpcFuture@272117f9[status=PENDING, info=[GrpcFuture{clientCall=PendingCall{realCall=ClientCallImpl{method=MethodDescriptor{fullMethodName=Request/request, type=UNARY, idempotent=false, safe=false, sampledToLocalTracing=true, requestMarshaller=com.alibaba.nacos.shaded.io.grpc.protobuf.lite.ProtoLiteUtils$MessageMarshaller@33662649, responseMarshaller=com.alibaba.nacos.shaded.io.grpc.protobuf.lite.ProtoLiteUtils$MessageMarshaller@472c1d6f, schemaDescriptor=com.alibaba.nacos.api.grpc.auto.RequestGrpc$RequestMethodDescriptorSupplier@4457d3f3}}}}]]
	at com.alibaba.nacos.shaded.com.google.common.util.concurrent.AbstractFuture.get(AbstractFuture.java:531)
	at com.alibaba.nacos.common.remote.client.grpc.GrpcClient.serverCheck(GrpcClient.java:243)
	at com.alibaba.nacos.common.remote.client.grpc.GrpcClient.connectToServer(GrpcClient.java:367)
	at com.alibaba.nacos.common.remote.client.RpcClient.reconnect(RpcClient.java:502)
	at com.alibaba.nacos.common.remote.client.RpcClient.lambda$start$1(RpcClient.java:329)
	at java.base/java.util.concurrent.Executors$RunnableAdapter.call(Executors.java:539)
	at java.base/java.util.concurrent.FutureTask.run(FutureTask.java:264)
	at java.base/java.util.concurrent.ScheduledThreadPoolExecutor$ScheduledFutureTask.run(ScheduledThreadPoolExecutor.java:304)
	at java.base/java.util.concurrent.ThreadPoolExecutor.runWorker(ThreadPoolExecutor.java:1136)
	at java.base/java.util.concurrent.ThreadPoolExecutor$Worker.run(ThreadPoolExecutor.java:635)
	at java.base/java.lang.Thread.run(Thread.java:842)
2026-01-25 16:44:50.858 [com.alibaba.nacos.client.remote.worker.1] INFO  com.alibaba.nacos.common.remote.client:63 - [7bd62890-4e03-4589-a031-8488a4f52fa3] Fail to connect server, after trying 5 times, last try server is {serverIp = '10.0.15.26', server main port = 8848}, error = unknown
2026-01-25 16:44:51.464 [com.alibaba.nacos.client.remote.worker.1] INFO  c.a.nacos.common.remote.client.grpc.GrpcClient:210 - grpc client connection server:10.0.15.26 ip,serverPort:9848,grpcTslConfig:{"sslProvider":"","enableTls":false,"mutualAuthEnable":false,"trustAll":false}
2026-01-25 16:44:51.526 [com.alibaba.nacos.client.remote.worker.1] INFO  com.alibaba.nacos.common.remote.client:63 - [7bd62890-4e03-4589-a031-8488a4f52fa3] Success to connect a server [10.0.15.26:8848], connectionId = 1769330692328_10.30.30.97_59332
2026-01-25 16:44:51.527 [com.alibaba.nacos.client.remote.worker.1] INFO  com.alibaba.nacos.common.remote.client:63 - [7bd62890-4e03-4589-a031-8488a4f52fa3] Abandon prev connection, server is 10.0.15.26:8848, connectionId is 1769307388161_10.30.30.97_62771
2026-01-25 16:44:51.527 [com.alibaba.nacos.client.remote.worker.1] INFO  com.alibaba.nacos.common.remote.client:584 - Close current connection 1769307388161_10.30.30.97_62771
2026-01-25 16:44:51.528 [com.alibaba.nacos.client.remote.worker.0] INFO  com.alibaba.nacos.common.remote.client:63 - [7bd62890-4e03-4589-a031-8488a4f52fa3] Notify disconnected event to listeners
2026-01-25 16:44:51.528 [com.alibaba.nacos.client.remote.worker.0] WARN  com.alibaba.nacos.client.naming:96 - Grpc connection disconnect, mark to redo
2026-01-25 16:44:51.528 [com.alibaba.nacos.client.remote.worker.0] WARN  com.alibaba.nacos.client.naming:103 - mark to redo completed
2026-01-25 16:44:51.528 [com.alibaba.nacos.client.remote.worker.0] INFO  com.alibaba.nacos.common.remote.client:63 - [7bd62890-4e03-4589-a031-8488a4f52fa3] Notify connected event to listeners.
2026-01-25 16:44:51.529 [com.alibaba.nacos.client.remote.worker.0] INFO  com.alibaba.nacos.client.naming:90 - Grpc connection connect
2026-01-25 16:44:54.055 [com.alibaba.nacos.client.naming.grpc.redo.0] INFO  com.alibaba.nacos.client.naming:73 - Redo instance operation REGISTER for http@@workordercenter
2026-01-25 16:53:43.694 [com.alibaba.nacos.client.remote.worker.1] INFO  com.alibaba.nacos.common.remote.client:63 - [7bd62890-4e03-4589-a031-8488a4f52fa3] Server healthy check fail, currentConnection = 1769330692328_10.30.30.97_59332
2026-01-25 16:53:43.694 [com.alibaba.nacos.client.remote.worker.1] INFO  com.alibaba.nacos.common.remote.client:63 - [7bd62890-4e03-4589-a031-8488a4f52fa3] Try to reconnect to a new server, server is  not appointed, will choose a random server.
2026-01-25 16:53:43.695 [com.alibaba.nacos.client.remote.worker.1] INFO  c.a.nacos.common.remote.client.grpc.GrpcClient:210 - grpc client connection server:10.0.15.26 ip,serverPort:9848,grpcTslConfig:{"sslProvider":"","enableTls":false,"mutualAuthEnable":false,"trustAll":false}
2026-01-25 16:53:45.750 [com.alibaba.nacos.client.remote.worker.1] INFO  com.alibaba.nacos.common.remote.client:63 - [f147ca6c-d1db-4a8c-9638-f1f5700bc480_config-0] Server healthy check fail, currentConnection = 1769330691196_10.30.30.97_65076
2026-01-25 16:53:45.750 [com.alibaba.nacos.client.remote.worker.1] INFO  com.alibaba.nacos.common.remote.client:63 - [f147ca6c-d1db-4a8c-9638-f1f5700bc480_config-0] Try to reconnect to a new server, server is  not appointed, will choose a random server.
2026-01-25 16:53:45.750 [com.alibaba.nacos.client.remote.worker.1] INFO  c.a.nacos.common.remote.client.grpc.GrpcClient:210 - grpc client connection server:10.0.15.26 ip,serverPort:9848,grpcTslConfig:{"sslProvider":"","enableTls":false,"mutualAuthEnable":false,"trustAll":false}
2026-01-25 16:53:46.703 [com.alibaba.nacos.client.remote.worker.1] ERROR c.a.nacos.common.remote.client.grpc.GrpcClient:102 - Server check fail, please check server 10.0.15.26 ,port 9848 is available , error ={}
java.util.concurrent.TimeoutException: Waited 3000 milliseconds (plus 4 milliseconds, 839400 nanoseconds delay) for com.alibaba.nacos.shaded.io.grpc.stub.ClientCalls$GrpcFuture@12227c97[status=PENDING, info=[GrpcFuture{clientCall=PendingCall{realCall=ClientCallImpl{method=MethodDescriptor{fullMethodName=Request/request, type=UNARY, idempotent=false, safe=false, sampledToLocalTracing=true, requestMarshaller=com.alibaba.nacos.shaded.io.grpc.protobuf.lite.ProtoLiteUtils$MessageMarshaller@33662649, responseMarshaller=com.alibaba.nacos.shaded.io.grpc.protobuf.lite.ProtoLiteUtils$MessageMarshaller@472c1d6f, schemaDescriptor=com.alibaba.nacos.api.grpc.auto.RequestGrpc$RequestMethodDescriptorSupplier@4457d3f3}}}}]]
	at com.alibaba.nacos.shaded.com.google.common.util.concurrent.AbstractFuture.get(AbstractFuture.java:531)
	at com.alibaba.nacos.common.remote.client.grpc.GrpcClient.serverCheck(GrpcClient.java:243)
	at com.alibaba.nacos.common.remote.client.grpc.GrpcClient.connectToServer(GrpcClient.java:367)
	at com.alibaba.nacos.common.remote.client.RpcClient.reconnect(RpcClient.java:502)
	at com.alibaba.nacos.common.remote.client.RpcClient.lambda$start$1(RpcClient.java:329)
	at java.base/java.util.concurrent.Executors$RunnableAdapter.call(Executors.java:539)
	at java.base/java.util.concurrent.FutureTask.run(FutureTask.java:264)
	at java.base/java.util.concurrent.ScheduledThreadPoolExecutor$ScheduledFutureTask.run(ScheduledThreadPoolExecutor.java:304)
	at java.base/java.util.concurrent.ThreadPoolExecutor.runWorker(ThreadPoolExecutor.java:1136)
	at java.base/java.util.concurrent.ThreadPoolExecutor$Worker.run(ThreadPoolExecutor.java:635)
	at java.base/java.lang.Thread.run(Thread.java:842)
2026-01-25 16:53:46.812 [com.alibaba.nacos.client.remote.worker.1] INFO  c.a.nacos.common.remote.client.grpc.GrpcClient:210 - grpc client connection server:10.0.15.26 ip,serverPort:9848,grpcTslConfig:{"sslProvider":"","enableTls":false,"mutualAuthEnable":false,"trustAll":false}
2026-01-25 16:53:47.484 [com.alibaba.nacos.client.remote.worker.1] INFO  com.alibaba.nacos.common.remote.client:63 - [186ef5d9-938e-451e-a735-887fe162fb60_config-0] Server healthy check fail, currentConnection = 1769330691599_10.30.30.97_65077
2026-01-25 16:53:47.484 [com.alibaba.nacos.client.remote.worker.1] INFO  com.alibaba.nacos.common.remote.client:63 - [186ef5d9-938e-451e-a735-887fe162fb60_config-0] Try to reconnect to a new server, server is  not appointed, will choose a random server.
2026-01-25 16:53:47.484 [com.alibaba.nacos.client.remote.worker.1] INFO  c.a.nacos.common.remote.client.grpc.GrpcClient:210 - grpc client connection server:10.0.15.26 ip,serverPort:9848,grpcTslConfig:{"sslProvider":"","enableTls":false,"mutualAuthEnable":false,"trustAll":false}
2026-01-25 16:53:48.754 [com.alibaba.nacos.client.remote.worker.1] ERROR c.a.nacos.common.remote.client.grpc.GrpcClient:102 - Server check fail, please check server 10.0.15.26 ,port 9848 is available , error ={}
java.util.concurrent.TimeoutException: Waited 3000 milliseconds (plus 1 milliseconds, 617900 nanoseconds delay) for com.alibaba.nacos.shaded.io.grpc.stub.ClientCalls$GrpcFuture@672ae718[status=PENDING, info=[GrpcFuture{clientCall=PendingCall{realCall=ClientCallImpl{method=MethodDescriptor{fullMethodName=Request/request, type=UNARY, idempotent=false, safe=false, sampledToLocalTracing=true, requestMarshaller=com.alibaba.nacos.shaded.io.grpc.protobuf.lite.ProtoLiteUtils$MessageMarshaller@33662649, responseMarshaller=com.alibaba.nacos.shaded.io.grpc.protobuf.lite.ProtoLiteUtils$MessageMarshaller@472c1d6f, schemaDescriptor=com.alibaba.nacos.api.grpc.auto.RequestGrpc$RequestMethodDescriptorSupplier@4457d3f3}}}}]]
	at com.alibaba.nacos.shaded.com.google.common.util.concurrent.AbstractFuture.get(AbstractFuture.java:531)
	at com.alibaba.nacos.common.remote.client.grpc.GrpcClient.serverCheck(GrpcClient.java:243)
	at com.alibaba.nacos.common.remote.client.grpc.GrpcClient.connectToServer(GrpcClient.java:367)
	at com.alibaba.nacos.common.remote.client.RpcClient.reconnect(RpcClient.java:502)
	at com.alibaba.nacos.common.remote.client.RpcClient.lambda$start$1(RpcClient.java:329)
	at java.base/java.util.concurrent.Executors$RunnableAdapter.call(Executors.java:539)
	at java.base/java.util.concurrent.FutureTask.run(FutureTask.java:264)
	at java.base/java.util.concurrent.ScheduledThreadPoolExecutor$ScheduledFutureTask.run(ScheduledThreadPoolExecutor.java:304)
	at java.base/java.util.concurrent.ThreadPoolExecutor.runWorker(ThreadPoolExecutor.java:1136)
	at java.base/java.util.concurrent.ThreadPoolExecutor$Worker.run(ThreadPoolExecutor.java:635)
	at java.base/java.lang.Thread.run(Thread.java:842)
2026-01-25 16:53:48.863 [com.alibaba.nacos.client.remote.worker.1] INFO  c.a.nacos.common.remote.client.grpc.GrpcClient:210 - grpc client connection server:10.0.15.26 ip,serverPort:9848,grpcTslConfig:{"sslProvider":"","enableTls":false,"mutualAuthEnable":false,"trustAll":false}
2026-01-25 16:53:49.820 [com.alibaba.nacos.client.remote.worker.1] ERROR c.a.nacos.common.remote.client.grpc.GrpcClient:102 - Server check fail, please check server 10.0.15.26 ,port 9848 is available , error ={}
java.util.concurrent.TimeoutException: Waited 3000 milliseconds (plus 6 milliseconds, 803100 nanoseconds delay) for com.alibaba.nacos.shaded.io.grpc.stub.ClientCalls$GrpcFuture@3067b902[status=PENDING, info=[GrpcFuture{clientCall=PendingCall{realCall=ClientCallImpl{method=MethodDescriptor{fullMethodName=Request/request, type=UNARY, idempotent=false, safe=false, sampledToLocalTracing=true, requestMarshaller=com.alibaba.nacos.shaded.io.grpc.protobuf.lite.ProtoLiteUtils$MessageMarshaller@33662649, responseMarshaller=com.alibaba.nacos.shaded.io.grpc.protobuf.lite.ProtoLiteUtils$MessageMarshaller@472c1d6f, schemaDescriptor=com.alibaba.nacos.api.grpc.auto.RequestGrpc$RequestMethodDescriptorSupplier@4457d3f3}}}}]]
	at com.alibaba.nacos.shaded.com.google.common.util.concurrent.AbstractFuture.get(AbstractFuture.java:531)
	at com.alibaba.nacos.common.remote.client.grpc.GrpcClient.serverCheck(GrpcClient.java:243)
	at com.alibaba.nacos.common.remote.client.grpc.GrpcClient.connectToServer(GrpcClient.java:367)
	at com.alibaba.nacos.common.remote.client.RpcClient.reconnect(RpcClient.java:502)
	at com.alibaba.nacos.common.remote.client.RpcClient.lambda$start$1(RpcClient.java:329)
	at java.base/java.util.concurrent.Executors$RunnableAdapter.call(Executors.java:539)
	at java.base/java.util.concurrent.FutureTask.run(FutureTask.java:264)
	at java.base/java.util.concurrent.ScheduledThreadPoolExecutor$ScheduledFutureTask.run(ScheduledThreadPoolExecutor.java:304)
	at java.base/java.util.concurrent.ThreadPoolExecutor.runWorker(ThreadPoolExecutor.java:1136)
	at java.base/java.util.concurrent.ThreadPoolExecutor$Worker.run(ThreadPoolExecutor.java:635)
	at java.base/java.lang.Thread.run(Thread.java:842)
2026-01-25 16:53:49.822 [com.alibaba.nacos.client.remote.worker.1] INFO  com.alibaba.nacos.common.remote.client:63 - [7bd62890-4e03-4589-a031-8488a4f52fa3] Fail to connect server, after trying 1 times, last try server is {serverIp = '10.0.15.26', server main port = 8848}, error = unknown
2026-01-25 16:53:50.038 [com.alibaba.nacos.client.remote.worker.1] INFO  c.a.nacos.common.remote.client.grpc.GrpcClient:210 - grpc client connection server:10.0.15.26 ip,serverPort:9848,grpcTslConfig:{"sslProvider":"","enableTls":false,"mutualAuthEnable":false,"trustAll":false}
2026-01-25 16:53:50.493 [com.alibaba.nacos.client.remote.worker.1] ERROR c.a.nacos.common.remote.client.grpc.GrpcClient:102 - Server check fail, please check server 10.0.15.26 ,port 9848 is available , error ={}
java.util.concurrent.TimeoutException: Waited 3000 milliseconds (plus 5 milliseconds, 708300 nanoseconds delay) for com.alibaba.nacos.shaded.io.grpc.stub.ClientCalls$GrpcFuture@53c6dd4f[status=PENDING, info=[GrpcFuture{clientCall=PendingCall{realCall=ClientCallImpl{method=MethodDescriptor{fullMethodName=Request/request, type=UNARY, idempotent=false, safe=false, sampledToLocalTracing=true, requestMarshaller=com.alibaba.nacos.shaded.io.grpc.protobuf.lite.ProtoLiteUtils$MessageMarshaller@33662649, responseMarshaller=com.alibaba.nacos.shaded.io.grpc.protobuf.lite.ProtoLiteUtils$MessageMarshaller@472c1d6f, schemaDescriptor=com.alibaba.nacos.api.grpc.auto.RequestGrpc$RequestMethodDescriptorSupplier@4457d3f3}}}}]]
	at com.alibaba.nacos.shaded.com.google.common.util.concurrent.AbstractFuture.get(AbstractFuture.java:531)
	at com.alibaba.nacos.common.remote.client.grpc.GrpcClient.serverCheck(GrpcClient.java:243)
	at com.alibaba.nacos.common.remote.client.grpc.GrpcClient.connectToServer(GrpcClient.java:367)
	at com.alibaba.nacos.common.remote.client.RpcClient.reconnect(RpcClient.java:502)
	at com.alibaba.nacos.common.remote.client.RpcClient.lambda$start$1(RpcClient.java:329)
	at java.base/java.util.concurrent.Executors$RunnableAdapter.call(Executors.java:539)
	at java.base/java.util.concurrent.FutureTask.run(FutureTask.java:264)
	at java.base/java.util.concurrent.ScheduledThreadPoolExecutor$ScheduledFutureTask.run(ScheduledThreadPoolExecutor.java:304)
	at java.base/java.util.concurrent.ThreadPoolExecutor.runWorker(ThreadPoolExecutor.java:1136)
	at java.base/java.util.concurrent.ThreadPoolExecutor$Worker.run(ThreadPoolExecutor.java:635)
	at java.base/java.lang.Thread.run(Thread.java:842)
2026-01-25 16:53:50.603 [com.alibaba.nacos.client.remote.worker.1] INFO  c.a.nacos.common.remote.client.grpc.GrpcClient:210 - grpc client connection server:10.0.15.26 ip,serverPort:9848,grpcTslConfig:{"sslProvider":"","enableTls":false,"mutualAuthEnable":false,"trustAll":false}
2026-01-25 16:53:50.823 [nacos-grpc-client-executor-10.0.15.26-46806] WARN  c.a.nacos.common.remote.client.grpc.GrpcClient:89 - [1769330692328_10.30.30.97_59332]Ignore error event,isRunning:false,isAbandon=false
2026-01-25 16:53:51.865 [com.alibaba.nacos.client.remote.worker.1] ERROR c.a.nacos.common.remote.client.grpc.GrpcClient:102 - Server check fail, please check server 10.0.15.26 ,port 9848 is available , error ={}
java.util.concurrent.TimeoutException: Waited 3000 milliseconds (plus 867000 nanoseconds delay) for com.alibaba.nacos.shaded.io.grpc.stub.ClientCalls$GrpcFuture@1a2bccba[status=PENDING, info=[GrpcFuture{clientCall=PendingCall{realCall=ClientCallImpl{method=MethodDescriptor{fullMethodName=Request/request, type=UNARY, idempotent=false, safe=false, sampledToLocalTracing=true, requestMarshaller=com.alibaba.nacos.shaded.io.grpc.protobuf.lite.ProtoLiteUtils$MessageMarshaller@33662649, responseMarshaller=com.alibaba.nacos.shaded.io.grpc.protobuf.lite.ProtoLiteUtils$MessageMarshaller@472c1d6f, schemaDescriptor=com.alibaba.nacos.api.grpc.auto.RequestGrpc$RequestMethodDescriptorSupplier@4457d3f3}}}}]]
	at com.alibaba.nacos.shaded.com.google.common.util.concurrent.AbstractFuture.get(AbstractFuture.java:531)
	at com.alibaba.nacos.common.remote.client.grpc.GrpcClient.serverCheck(GrpcClient.java:243)
	at com.alibaba.nacos.common.remote.client.grpc.GrpcClient.connectToServer(GrpcClient.java:367)
	at com.alibaba.nacos.common.remote.client.RpcClient.reconnect(RpcClient.java:502)
	at com.alibaba.nacos.common.remote.client.RpcClient.lambda$start$1(RpcClient.java:329)
	at java.base/java.util.concurrent.Executors$RunnableAdapter.call(Executors.java:539)
	at java.base/java.util.concurrent.FutureTask.run(FutureTask.java:264)
	at java.base/java.util.concurrent.ScheduledThreadPoolExecutor$ScheduledFutureTask.run(ScheduledThreadPoolExecutor.java:304)
	at java.base/java.util.concurrent.ThreadPoolExecutor.runWorker(ThreadPoolExecutor.java:1136)
	at java.base/java.util.concurrent.ThreadPoolExecutor$Worker.run(ThreadPoolExecutor.java:635)
	at java.base/java.lang.Thread.run(Thread.java:842)
2026-01-25 16:53:51.867 [com.alibaba.nacos.client.remote.worker.1] INFO  com.alibaba.nacos.common.remote.client:63 - [f147ca6c-d1db-4a8c-9638-f1f5700bc480_config-0] Fail to connect server, after trying 1 times, last try server is {serverIp = '10.0.15.26', server main port = 8848}, error = unknown
2026-01-25 16:53:52.068 [com.alibaba.nacos.client.remote.worker.1] INFO  c.a.nacos.common.remote.client.grpc.GrpcClient:210 - grpc client connection server:10.0.15.26 ip,serverPort:9848,grpcTslConfig:{"sslProvider":"","enableTls":false,"mutualAuthEnable":false,"trustAll":false}
2026-01-25 16:53:52.880 [nacos-grpc-client-executor-10.0.15.26-46822] WARN  c.a.nacos.common.remote.client.grpc.GrpcClient:89 - [1769330691196_10.30.30.97_65076]Ignore error event,isRunning:false,isAbandon=false
2026-01-25 16:53:53.050 [com.alibaba.nacos.client.remote.worker.1] ERROR c.a.nacos.common.remote.client.grpc.GrpcClient:102 - Server check fail, please check server 10.0.15.26 ,port 9848 is available , error ={}
java.util.concurrent.TimeoutException: Waited 3000 milliseconds (plus 11 milliseconds, 154000 nanoseconds delay) for com.alibaba.nacos.shaded.io.grpc.stub.ClientCalls$GrpcFuture@17bc9401[status=PENDING, info=[GrpcFuture{clientCall=PendingCall{realCall=ClientCallImpl{method=MethodDescriptor{fullMethodName=Request/request, type=UNARY, idempotent=false, safe=false, sampledToLocalTracing=true, requestMarshaller=com.alibaba.nacos.shaded.io.grpc.protobuf.lite.ProtoLiteUtils$MessageMarshaller@33662649, responseMarshaller=com.alibaba.nacos.shaded.io.grpc.protobuf.lite.ProtoLiteUtils$MessageMarshaller@472c1d6f, schemaDescriptor=com.alibaba.nacos.api.grpc.auto.RequestGrpc$RequestMethodDescriptorSupplier@4457d3f3}}}}]]
	at com.alibaba.nacos.shaded.com.google.common.util.concurrent.AbstractFuture.get(AbstractFuture.java:531)
	at com.alibaba.nacos.common.remote.client.grpc.GrpcClient.serverCheck(GrpcClient.java:243)
	at com.alibaba.nacos.common.remote.client.grpc.GrpcClient.connectToServer(GrpcClient.java:367)
	at com.alibaba.nacos.common.remote.client.RpcClient.reconnect(RpcClient.java:502)
	at com.alibaba.nacos.common.remote.client.RpcClient.lambda$start$1(RpcClient.java:329)
	at java.base/java.util.concurrent.Executors$RunnableAdapter.call(Executors.java:539)
	at java.base/java.util.concurrent.FutureTask.run(FutureTask.java:264)
	at java.base/java.util.concurrent.ScheduledThreadPoolExecutor$ScheduledFutureTask.run(ScheduledThreadPoolExecutor.java:304)
	at java.base/java.util.concurrent.ThreadPoolExecutor.runWorker(ThreadPoolExecutor.java:1136)
	at java.base/java.util.concurrent.ThreadPoolExecutor$Worker.run(ThreadPoolExecutor.java:635)
	at java.base/java.lang.Thread.run(Thread.java:842)
2026-01-25 16:53:53.052 [com.alibaba.nacos.client.remote.worker.1] INFO  com.alibaba.nacos.common.remote.client:63 - [7bd62890-4e03-4589-a031-8488a4f52fa3] Fail to connect server, after trying 2 times, last try server is {serverIp = '10.0.15.26', server main port = 8848}, error = unknown
2026-01-25 16:53:53.362 [com.alibaba.nacos.client.remote.worker.1] INFO  c.a.nacos.common.remote.client.grpc.GrpcClient:210 - grpc client connection server:10.0.15.26 ip,serverPort:9848,grpcTslConfig:{"sslProvider":"","enableTls":false,"mutualAuthEnable":false,"trustAll":false}
2026-01-25 16:53:53.610 [com.alibaba.nacos.client.remote.worker.1] ERROR c.a.nacos.common.remote.client.grpc.GrpcClient:102 - Server check fail, please check server 10.0.15.26 ,port 9848 is available , error ={}
java.util.concurrent.TimeoutException: Waited 3000 milliseconds (plus 6 milliseconds, 409500 nanoseconds delay) for com.alibaba.nacos.shaded.io.grpc.stub.ClientCalls$GrpcFuture@1677649f[status=PENDING, info=[GrpcFuture{clientCall=PendingCall{realCall=ClientCallImpl{method=MethodDescriptor{fullMethodName=Request/request, type=UNARY, idempotent=false, safe=false, sampledToLocalTracing=true, requestMarshaller=com.alibaba.nacos.shaded.io.grpc.protobuf.lite.ProtoLiteUtils$MessageMarshaller@33662649, responseMarshaller=com.alibaba.nacos.shaded.io.grpc.protobuf.lite.ProtoLiteUtils$MessageMarshaller@472c1d6f, schemaDescriptor=com.alibaba.nacos.api.grpc.auto.RequestGrpc$RequestMethodDescriptorSupplier@4457d3f3}}}}]]
	at com.alibaba.nacos.shaded.com.google.common.util.concurrent.AbstractFuture.get(AbstractFuture.java:531)
	at com.alibaba.nacos.common.remote.client.grpc.GrpcClient.serverCheck(GrpcClient.java:243)
	at com.alibaba.nacos.common.remote.client.grpc.GrpcClient.connectToServer(GrpcClient.java:367)
	at com.alibaba.nacos.common.remote.client.RpcClient.reconnect(RpcClient.java:502)
	at com.alibaba.nacos.common.remote.client.RpcClient.lambda$start$1(RpcClient.java:329)
	at java.base/java.util.concurrent.Executors$RunnableAdapter.call(Executors.java:539)
	at java.base/java.util.concurrent.FutureTask.run(FutureTask.java:264)
	at java.base/java.util.concurrent.ScheduledThreadPoolExecutor$ScheduledFutureTask.run(ScheduledThreadPoolExecutor.java:304)
	at java.base/java.util.concurrent.ThreadPoolExecutor.runWorker(ThreadPoolExecutor.java:1136)
	at java.base/java.util.concurrent.ThreadPoolExecutor$Worker.run(ThreadPoolExecutor.java:635)
	at java.base/java.lang.Thread.run(Thread.java:842)
2026-01-25 16:53:53.611 [com.alibaba.nacos.client.remote.worker.1] INFO  com.alibaba.nacos.common.remote.client:63 - [186ef5d9-938e-451e-a735-887fe162fb60_config-0] Fail to connect server, after trying 1 times, last try server is {serverIp = '10.0.15.26', server main port = 8848}, error = unknown
2026-01-25 16:53:53.813 [com.alibaba.nacos.client.remote.worker.1] INFO  c.a.nacos.common.remote.client.grpc.GrpcClient:210 - grpc client connection server:10.0.15.26 ip,serverPort:9848,grpcTslConfig:{"sslProvider":"","enableTls":false,"mutualAuthEnable":false,"trustAll":false}
2026-01-25 16:53:54.612 [nacos-grpc-client-executor-10.0.15.26-46848] WARN  c.a.nacos.common.remote.client.grpc.GrpcClient:89 - [1769330691599_10.30.30.97_65077]Ignore error event,isRunning:false,isAbandon=false
2026-01-25 16:53:55.079 [com.alibaba.nacos.client.remote.worker.1] ERROR c.a.nacos.common.remote.client.grpc.GrpcClient:102 - Server check fail, please check server 10.0.15.26 ,port 9848 is available , error ={}
java.util.concurrent.TimeoutException: Waited 3000 milliseconds (plus 9 milliseconds, 456600 nanoseconds delay) for com.alibaba.nacos.shaded.io.grpc.stub.ClientCalls$GrpcFuture@25868108[status=PENDING, info=[GrpcFuture{clientCall=PendingCall{realCall=ClientCallImpl{method=MethodDescriptor{fullMethodName=Request/request, type=UNARY, idempotent=false, safe=false, sampledToLocalTracing=true, requestMarshaller=com.alibaba.nacos.shaded.io.grpc.protobuf.lite.ProtoLiteUtils$MessageMarshaller@33662649, responseMarshaller=com.alibaba.nacos.shaded.io.grpc.protobuf.lite.ProtoLiteUtils$MessageMarshaller@472c1d6f, schemaDescriptor=com.alibaba.nacos.api.grpc.auto.RequestGrpc$RequestMethodDescriptorSupplier@4457d3f3}}}}]]
	at com.alibaba.nacos.shaded.com.google.common.util.concurrent.AbstractFuture.get(AbstractFuture.java:531)
	at com.alibaba.nacos.common.remote.client.grpc.GrpcClient.serverCheck(GrpcClient.java:243)
	at com.alibaba.nacos.common.remote.client.grpc.GrpcClient.connectToServer(GrpcClient.java:367)
	at com.alibaba.nacos.common.remote.client.RpcClient.reconnect(RpcClient.java:502)
	at com.alibaba.nacos.common.remote.client.RpcClient.lambda$start$1(RpcClient.java:329)
	at java.base/java.util.concurrent.Executors$RunnableAdapter.call(Executors.java:539)
	at java.base/java.util.concurrent.FutureTask.run(FutureTask.java:264)
	at java.base/java.util.concurrent.ScheduledThreadPoolExecutor$ScheduledFutureTask.run(ScheduledThreadPoolExecutor.java:304)
	at java.base/java.util.concurrent.ThreadPoolExecutor.runWorker(ThreadPoolExecutor.java:1136)
	at java.base/java.util.concurrent.ThreadPoolExecutor$Worker.run(ThreadPoolExecutor.java:635)
	at java.base/java.lang.Thread.run(Thread.java:842)
2026-01-25 16:53:55.082 [com.alibaba.nacos.client.remote.worker.1] INFO  com.alibaba.nacos.common.remote.client:63 - [f147ca6c-d1db-4a8c-9638-f1f5700bc480_config-0] Fail to connect server, after trying 2 times, last try server is {serverIp = '10.0.15.26', server main port = 8848}, error = unknown
2026-01-25 16:53:55.390 [com.alibaba.nacos.client.remote.worker.1] INFO  c.a.nacos.common.remote.client.grpc.GrpcClient:210 - grpc client connection server:10.0.15.26 ip,serverPort:9848,grpcTslConfig:{"sslProvider":"","enableTls":false,"mutualAuthEnable":false,"trustAll":false}
2026-01-25 16:53:56.369 [com.alibaba.nacos.client.remote.worker.1] ERROR c.a.nacos.common.remote.client.grpc.GrpcClient:102 - Server check fail, please check server 10.0.15.26 ,port 9848 is available , error ={}
java.util.concurrent.TimeoutException: Waited 3000 milliseconds (plus 5 milliseconds, 36200 nanoseconds delay) for com.alibaba.nacos.shaded.io.grpc.stub.ClientCalls$GrpcFuture@648b7fec[status=PENDING, info=[GrpcFuture{clientCall=PendingCall{realCall=ClientCallImpl{method=MethodDescriptor{fullMethodName=Request/request, type=UNARY, idempotent=false, safe=false, sampledToLocalTracing=true, requestMarshaller=com.alibaba.nacos.shaded.io.grpc.protobuf.lite.ProtoLiteUtils$MessageMarshaller@33662649, responseMarshaller=com.alibaba.nacos.shaded.io.grpc.protobuf.lite.ProtoLiteUtils$MessageMarshaller@472c1d6f, schemaDescriptor=com.alibaba.nacos.api.grpc.auto.RequestGrpc$RequestMethodDescriptorSupplier@4457d3f3}}}}]]
	at com.alibaba.nacos.shaded.com.google.common.util.concurrent.AbstractFuture.get(AbstractFuture.java:531)
	at com.alibaba.nacos.common.remote.client.grpc.GrpcClient.serverCheck(GrpcClient.java:243)
	at com.alibaba.nacos.common.remote.client.grpc.GrpcClient.connectToServer(GrpcClient.java:367)
	at com.alibaba.nacos.common.remote.client.RpcClient.reconnect(RpcClient.java:502)
	at com.alibaba.nacos.common.remote.client.RpcClient.lambda$start$1(RpcClient.java:329)
	at java.base/java.util.concurrent.Executors$RunnableAdapter.call(Executors.java:539)
	at java.base/java.util.concurrent.FutureTask.run(FutureTask.java:264)
	at java.base/java.util.concurrent.ScheduledThreadPoolExecutor$ScheduledFutureTask.run(ScheduledThreadPoolExecutor.java:304)
	at java.base/java.util.concurrent.ThreadPoolExecutor.runWorker(ThreadPoolExecutor.java:1136)
	at java.base/java.util.concurrent.ThreadPoolExecutor$Worker.run(ThreadPoolExecutor.java:635)
	at java.base/java.lang.Thread.run(Thread.java:842)
2026-01-25 16:53:56.370 [com.alibaba.nacos.client.remote.worker.1] INFO  com.alibaba.nacos.common.remote.client:63 - [7bd62890-4e03-4589-a031-8488a4f52fa3] Fail to connect server, after trying 3 times, last try server is {serverIp = '10.0.15.26', server main port = 8848}, error = unknown
2026-01-25 16:53:56.773 [com.alibaba.nacos.client.remote.worker.1] INFO  c.a.nacos.common.remote.client.grpc.GrpcClient:210 - grpc client connection server:10.0.15.26 ip,serverPort:9848,grpcTslConfig:{"sslProvider":"","enableTls":false,"mutualAuthEnable":false,"trustAll":false}
2026-01-25 16:53:56.820 [com.alibaba.nacos.client.remote.worker.1] ERROR c.a.nacos.common.remote.client.grpc.GrpcClient:102 - Server check fail, please check server 10.0.15.26 ,port 9848 is available , error ={}
java.util.concurrent.TimeoutException: Waited 3000 milliseconds (plus 5 milliseconds, 53000 nanoseconds delay) for com.alibaba.nacos.shaded.io.grpc.stub.ClientCalls$GrpcFuture@7a42492e[status=PENDING, info=[GrpcFuture{clientCall=PendingCall{realCall=ClientCallImpl{method=MethodDescriptor{fullMethodName=Request/request, type=UNARY, idempotent=false, safe=false, sampledToLocalTracing=true, requestMarshaller=com.alibaba.nacos.shaded.io.grpc.protobuf.lite.ProtoLiteUtils$MessageMarshaller@33662649, responseMarshaller=com.alibaba.nacos.shaded.io.grpc.protobuf.lite.ProtoLiteUtils$MessageMarshaller@472c1d6f, schemaDescriptor=com.alibaba.nacos.api.grpc.auto.RequestGrpc$RequestMethodDescriptorSupplier@4457d3f3}}}}]]
	at com.alibaba.nacos.shaded.com.google.common.util.concurrent.AbstractFuture.get(AbstractFuture.java:531)
	at com.alibaba.nacos.common.remote.client.grpc.GrpcClient.serverCheck(GrpcClient.java:243)
	at com.alibaba.nacos.common.remote.client.grpc.GrpcClient.connectToServer(GrpcClient.java:367)
	at com.alibaba.nacos.common.remote.client.RpcClient.reconnect(RpcClient.java:502)
	at com.alibaba.nacos.common.remote.client.RpcClient.lambda$start$1(RpcClient.java:329)
	at java.base/java.util.concurrent.Executors$RunnableAdapter.call(Executors.java:539)
	at java.base/java.util.concurrent.FutureTask.run(FutureTask.java:264)
	at java.base/java.util.concurrent.ScheduledThreadPoolExecutor$ScheduledFutureTask.run(ScheduledThreadPoolExecutor.java:304)
	at java.base/java.util.concurrent.ThreadPoolExecutor.runWorker(ThreadPoolExecutor.java:1136)
	at java.base/java.util.concurrent.ThreadPoolExecutor$Worker.run(ThreadPoolExecutor.java:635)
	at java.base/java.lang.Thread.run(Thread.java:842)
2026-01-25 16:53:56.822 [com.alibaba.nacos.client.remote.worker.1] INFO  com.alibaba.nacos.common.remote.client:63 - [186ef5d9-938e-451e-a735-887fe162fb60_config-0] Fail to connect server, after trying 2 times, last try server is {serverIp = '10.0.15.26', server main port = 8848}, error = unknown
2026-01-25 16:53:57.129 [com.alibaba.nacos.client.remote.worker.1] INFO  c.a.nacos.common.remote.client.grpc.GrpcClient:210 - grpc client connection server:10.0.15.26 ip,serverPort:9848,grpcTslConfig:{"sslProvider":"","enableTls":false,"mutualAuthEnable":false,"trustAll":false}
2026-01-25 16:53:58.395 [com.alibaba.nacos.client.remote.worker.1] ERROR c.a.nacos.common.remote.client.grpc.GrpcClient:102 - Server check fail, please check server 10.0.15.26 ,port 9848 is available , error ={}
java.util.concurrent.TimeoutException: Waited 3000 milliseconds (plus 786700 nanoseconds delay) for com.alibaba.nacos.shaded.io.grpc.stub.ClientCalls$GrpcFuture@747ae385[status=PENDING, info=[GrpcFuture{clientCall=PendingCall{realCall=ClientCallImpl{method=MethodDescriptor{fullMethodName=Request/request, type=UNARY, idempotent=false, safe=false, sampledToLocalTracing=true, requestMarshaller=com.alibaba.nacos.shaded.io.grpc.protobuf.lite.ProtoLiteUtils$MessageMarshaller@33662649, responseMarshaller=com.alibaba.nacos.shaded.io.grpc.protobuf.lite.ProtoLiteUtils$MessageMarshaller@472c1d6f, schemaDescriptor=com.alibaba.nacos.api.grpc.auto.RequestGrpc$RequestMethodDescriptorSupplier@4457d3f3}}}}]]
	at com.alibaba.nacos.shaded.com.google.common.util.concurrent.AbstractFuture.get(AbstractFuture.java:531)
	at com.alibaba.nacos.common.remote.client.grpc.GrpcClient.serverCheck(GrpcClient.java:243)
	at com.alibaba.nacos.common.remote.client.grpc.GrpcClient.connectToServer(GrpcClient.java:367)
	at com.alibaba.nacos.common.remote.client.RpcClient.reconnect(RpcClient.java:502)
	at com.alibaba.nacos.common.remote.client.RpcClient.lambda$start$1(RpcClient.java:329)
	at java.base/java.util.concurrent.Executors$RunnableAdapter.call(Executors.java:539)
	at java.base/java.util.concurrent.FutureTask.run(FutureTask.java:264)
	at java.base/java.util.concurrent.ScheduledThreadPoolExecutor$ScheduledFutureTask.run(ScheduledThreadPoolExecutor.java:304)
	at java.base/java.util.concurrent.ThreadPoolExecutor.runWorker(ThreadPoolExecutor.java:1136)
	at java.base/java.util.concurrent.ThreadPoolExecutor$Worker.run(ThreadPoolExecutor.java:635)
	at java.base/java.lang.Thread.run(Thread.java:842)
2026-01-25 16:53:58.408 [com.alibaba.nacos.client.remote.worker.1] INFO  com.alibaba.nacos.common.remote.client:63 - [f147ca6c-d1db-4a8c-9638-f1f5700bc480_config-0] Fail to connect server, after trying 3 times, last try server is {serverIp = '10.0.15.26', server main port = 8848}, error = unknown
2026-01-25 16:53:58.815 [com.alibaba.nacos.client.remote.worker.1] INFO  c.a.nacos.common.remote.client.grpc.GrpcClient:210 - grpc client connection server:10.0.15.26 ip,serverPort:9848,grpcTslConfig:{"sslProvider":"","enableTls":false,"mutualAuthEnable":false,"trustAll":false}
2026-01-25 16:53:59.784 [com.alibaba.nacos.client.remote.worker.1] ERROR c.a.nacos.common.remote.client.grpc.GrpcClient:102 - Server check fail, please check server 10.0.15.26 ,port 9848 is available , error ={}
java.util.concurrent.TimeoutException: Waited 3000 milliseconds (plus 9 milliseconds, 117600 nanoseconds delay) for com.alibaba.nacos.shaded.io.grpc.stub.ClientCalls$GrpcFuture@225c9ec3[status=PENDING, info=[GrpcFuture{clientCall=PendingCall{realCall=ClientCallImpl{method=MethodDescriptor{fullMethodName=Request/request, type=UNARY, idempotent=false, safe=false, sampledToLocalTracing=true, requestMarshaller=com.alibaba.nacos.shaded.io.grpc.protobuf.lite.ProtoLiteUtils$MessageMarshaller@33662649, responseMarshaller=com.alibaba.nacos.shaded.io.grpc.protobuf.lite.ProtoLiteUtils$MessageMarshaller@472c1d6f, schemaDescriptor=com.alibaba.nacos.api.grpc.auto.RequestGrpc$RequestMethodDescriptorSupplier@4457d3f3}}}}]]
	at com.alibaba.nacos.shaded.com.google.common.util.concurrent.AbstractFuture.get(AbstractFuture.java:531)
	at com.alibaba.nacos.common.remote.client.grpc.GrpcClient.serverCheck(GrpcClient.java:243)
	at com.alibaba.nacos.common.remote.client.grpc.GrpcClient.connectToServer(GrpcClient.java:367)
	at com.alibaba.nacos.common.remote.client.RpcClient.reconnect(RpcClient.java:502)
	at com.alibaba.nacos.common.remote.client.RpcClient.lambda$start$1(RpcClient.java:329)
	at java.base/java.util.concurrent.Executors$RunnableAdapter.call(Executors.java:539)
	at java.base/java.util.concurrent.FutureTask.run(FutureTask.java:264)
	at java.base/java.util.concurrent.ScheduledThreadPoolExecutor$ScheduledFutureTask.run(ScheduledThreadPoolExecutor.java:304)
	at java.base/java.util.concurrent.ThreadPoolExecutor.runWorker(ThreadPoolExecutor.java:1136)
	at java.base/java.util.concurrent.ThreadPoolExecutor$Worker.run(ThreadPoolExecutor.java:635)
	at java.base/java.lang.Thread.run(Thread.java:842)
2026-01-25 16:53:59.784 [com.alibaba.nacos.client.remote.worker.1] INFO  com.alibaba.nacos.common.remote.client:63 - [7bd62890-4e03-4589-a031-8488a4f52fa3] Fail to connect server, after trying 4 times, last try server is {serverIp = '10.0.15.26', server main port = 8848}, error = unknown
2026-01-25 16:54:00.142 [com.alibaba.nacos.client.remote.worker.1] ERROR c.a.nacos.common.remote.client.grpc.GrpcClient:102 - Server check fail, please check server 10.0.15.26 ,port 9848 is available , error ={}
java.util.concurrent.TimeoutException: Waited 3000 milliseconds (plus 9 milliseconds, 735300 nanoseconds delay) for com.alibaba.nacos.shaded.io.grpc.stub.ClientCalls$GrpcFuture@2dd034a5[status=PENDING, info=[GrpcFuture{clientCall=PendingCall{realCall=ClientCallImpl{method=MethodDescriptor{fullMethodName=Request/request, type=UNARY, idempotent=false, safe=false, sampledToLocalTracing=true, requestMarshaller=com.alibaba.nacos.shaded.io.grpc.protobuf.lite.ProtoLiteUtils$MessageMarshaller@33662649, responseMarshaller=com.alibaba.nacos.shaded.io.grpc.protobuf.lite.ProtoLiteUtils$MessageMarshaller@472c1d6f, schemaDescriptor=com.alibaba.nacos.api.grpc.auto.RequestGrpc$RequestMethodDescriptorSupplier@4457d3f3}}}}]]
	at com.alibaba.nacos.shaded.com.google.common.util.concurrent.AbstractFuture.get(AbstractFuture.java:531)
	at com.alibaba.nacos.common.remote.client.grpc.GrpcClient.serverCheck(GrpcClient.java:243)
	at com.alibaba.nacos.common.remote.client.grpc.GrpcClient.connectToServer(GrpcClient.java:367)
	at com.alibaba.nacos.common.remote.client.RpcClient.reconnect(RpcClient.java:502)
	at com.alibaba.nacos.common.remote.client.RpcClient.lambda$start$1(RpcClient.java:329)
	at java.base/java.util.concurrent.Executors$RunnableAdapter.call(Executors.java:539)
	at java.base/java.util.concurrent.FutureTask.run(FutureTask.java:264)
	at java.base/java.util.concurrent.ScheduledThreadPoolExecutor$ScheduledFutureTask.run(ScheduledThreadPoolExecutor.java:304)
	at java.base/java.util.concurrent.ThreadPoolExecutor.runWorker(ThreadPoolExecutor.java:1136)
	at java.base/java.util.concurrent.ThreadPoolExecutor$Worker.run(ThreadPoolExecutor.java:635)
	at java.base/java.lang.Thread.run(Thread.java:842)
2026-01-25 16:54:00.143 [com.alibaba.nacos.client.remote.worker.1] INFO  com.alibaba.nacos.common.remote.client:63 - [186ef5d9-938e-451e-a735-887fe162fb60_config-0] Fail to connect server, after trying 3 times, last try server is {serverIp = '10.0.15.26', server main port = 8848}, error = unknown
2026-01-25 16:54:00.296 [com.alibaba.nacos.client.remote.worker.1] INFO  c.a.nacos.common.remote.client.grpc.GrpcClient:210 - grpc client connection server:10.0.15.26 ip,serverPort:9848,grpcTslConfig:{"sslProvider":"","enableTls":false,"mutualAuthEnable":false,"trustAll":false}
2026-01-25 16:54:00.545 [com.alibaba.nacos.client.remote.worker.1] INFO  c.a.nacos.common.remote.client.grpc.GrpcClient:210 - grpc client connection server:10.0.15.26 ip,serverPort:9848,grpcTslConfig:{"sslProvider":"","enableTls":false,"mutualAuthEnable":false,"trustAll":false}
2026-01-25 16:54:01.360 [com.alibaba.nacos.client.remote.worker.1] INFO  com.alibaba.nacos.common.remote.client:63 - [7bd62890-4e03-4589-a031-8488a4f52fa3] Success to connect a server [10.0.15.26:8848], connectionId = 1769331242164_10.30.30.97_61191
2026-01-25 16:54:01.361 [com.alibaba.nacos.client.remote.worker.1] INFO  com.alibaba.nacos.common.remote.client:63 - [7bd62890-4e03-4589-a031-8488a4f52fa3] Abandon prev connection, server is 10.0.15.26:8848, connectionId is 1769330692328_10.30.30.97_59332
2026-01-25 16:54:01.361 [com.alibaba.nacos.client.remote.worker.1] INFO  com.alibaba.nacos.common.remote.client:584 - Close current connection 1769330692328_10.30.30.97_59332
2026-01-25 16:54:01.361 [com.alibaba.nacos.client.remote.worker.0] INFO  com.alibaba.nacos.common.remote.client:63 - [7bd62890-4e03-4589-a031-8488a4f52fa3] Notify disconnected event to listeners
2026-01-25 16:54:01.361 [com.alibaba.nacos.client.remote.worker.0] WARN  com.alibaba.nacos.client.naming:96 - Grpc connection disconnect, mark to redo
2026-01-25 16:54:01.361 [com.alibaba.nacos.client.remote.worker.0] WARN  com.alibaba.nacos.client.naming:103 - mark to redo completed
2026-01-25 16:54:01.361 [com.alibaba.nacos.client.remote.worker.0] INFO  com.alibaba.nacos.common.remote.client:63 - [7bd62890-4e03-4589-a031-8488a4f52fa3] Notify connected event to listeners.
2026-01-25 16:54:01.362 [com.alibaba.nacos.client.remote.worker.0] INFO  com.alibaba.nacos.client.naming:90 - Grpc connection connect
2026-01-25 16:54:01.607 [com.alibaba.nacos.client.naming.grpc.redo.0] INFO  com.alibaba.nacos.client.naming:73 - Redo instance operation REGISTER for http@@workordercenter
2026-01-25 16:54:01.822 [com.alibaba.nacos.client.remote.worker.1] ERROR c.a.nacos.common.remote.client.grpc.GrpcClient:102 - Server check fail, please check server 10.0.15.26 ,port 9848 is available , error ={}
java.util.concurrent.TimeoutException: Waited 3000 milliseconds (plus 5 milliseconds, 331100 nanoseconds delay) for com.alibaba.nacos.shaded.io.grpc.stub.ClientCalls$GrpcFuture@568f9766[status=PENDING, info=[GrpcFuture{clientCall=PendingCall{realCall=ClientCallImpl{method=MethodDescriptor{fullMethodName=Request/request, type=UNARY, idempotent=false, safe=false, sampledToLocalTracing=true, requestMarshaller=com.alibaba.nacos.shaded.io.grpc.protobuf.lite.ProtoLiteUtils$MessageMarshaller@33662649, responseMarshaller=com.alibaba.nacos.shaded.io.grpc.protobuf.lite.ProtoLiteUtils$MessageMarshaller@472c1d6f, schemaDescriptor=com.alibaba.nacos.api.grpc.auto.RequestGrpc$RequestMethodDescriptorSupplier@4457d3f3}}}}]]
	at com.alibaba.nacos.shaded.com.google.common.util.concurrent.AbstractFuture.get(AbstractFuture.java:531)
	at com.alibaba.nacos.common.remote.client.grpc.GrpcClient.serverCheck(GrpcClient.java:243)
	at com.alibaba.nacos.common.remote.client.grpc.GrpcClient.connectToServer(GrpcClient.java:367)
	at com.alibaba.nacos.common.remote.client.RpcClient.reconnect(RpcClient.java:502)
	at com.alibaba.nacos.common.remote.client.RpcClient.lambda$start$1(RpcClient.java:329)
	at java.base/java.util.concurrent.Executors$RunnableAdapter.call(Executors.java:539)
	at java.base/java.util.concurrent.FutureTask.run(FutureTask.java:264)
	at java.base/java.util.concurrent.ScheduledThreadPoolExecutor$ScheduledFutureTask.run(ScheduledThreadPoolExecutor.java:304)
	at java.base/java.util.concurrent.ThreadPoolExecutor.runWorker(ThreadPoolExecutor.java:1136)
	at java.base/java.util.concurrent.ThreadPoolExecutor$Worker.run(ThreadPoolExecutor.java:635)
	at java.base/java.lang.Thread.run(Thread.java:842)
2026-01-25 16:54:01.823 [com.alibaba.nacos.client.remote.worker.1] INFO  com.alibaba.nacos.common.remote.client:63 - [f147ca6c-d1db-4a8c-9638-f1f5700bc480_config-0] Fail to connect server, after trying 4 times, last try server is {serverIp = '10.0.15.26', server main port = 8848}, error = unknown
2026-01-25 16:54:02.329 [com.alibaba.nacos.client.remote.worker.1] INFO  c.a.nacos.common.remote.client.grpc.GrpcClient:210 - grpc client connection server:10.0.15.26 ip,serverPort:9848,grpcTslConfig:{"sslProvider":"","enableTls":false,"mutualAuthEnable":false,"trustAll":false}
2026-01-25 16:54:02.372 [com.alibaba.nacos.client.remote.worker.1] INFO  com.alibaba.nacos.common.remote.client:63 - [f147ca6c-d1db-4a8c-9638-f1f5700bc480_config-0] Success to connect a server [10.0.15.26:8848], connectionId = 1769331243183_10.30.30.97_65470
2026-01-25 16:54:02.372 [com.alibaba.nacos.client.remote.worker.1] INFO  com.alibaba.nacos.common.remote.client:63 - [f147ca6c-d1db-4a8c-9638-f1f5700bc480_config-0] Abandon prev connection, server is 10.0.15.26:8848, connectionId is 1769330691196_10.30.30.97_65076
2026-01-25 16:54:02.372 [com.alibaba.nacos.client.remote.worker.1] INFO  com.alibaba.nacos.common.remote.client:584 - Close current connection 1769330691196_10.30.30.97_65076
2026-01-25 16:54:02.373 [com.alibaba.nacos.client.remote.worker.0] INFO  com.alibaba.nacos.common.remote.client:63 - [f147ca6c-d1db-4a8c-9638-f1f5700bc480_config-0] Notify disconnected event to listeners
2026-01-25 16:54:02.373 [com.alibaba.nacos.client.remote.worker.0] INFO  com.alibaba.nacos.client.config.impl.ClientWorker:720 - [f147ca6c-d1db-4a8c-9638-f1f5700bc480_config-0] DisConnected,clear listen context...
2026-01-25 16:54:02.373 [com.alibaba.nacos.client.remote.worker.0] INFO  com.alibaba.nacos.common.remote.client:63 - [f147ca6c-d1db-4a8c-9638-f1f5700bc480_config-0] Notify connected event to listeners.
2026-01-25 16:54:02.373 [com.alibaba.nacos.client.remote.worker.0] INFO  com.alibaba.nacos.client.config.impl.ClientWorker:713 - [f147ca6c-d1db-4a8c-9638-f1f5700bc480_config-0] Connected,notify listen context...
2026-01-25 16:54:03.546 [com.alibaba.nacos.client.remote.worker.1] ERROR c.a.nacos.common.remote.client.grpc.GrpcClient:102 - Server check fail, please check server 10.0.15.26 ,port 9848 is available , error ={}
java.util.concurrent.TimeoutException: Waited 3000 milliseconds (plus 330900 nanoseconds delay) for com.alibaba.nacos.shaded.io.grpc.stub.ClientCalls$GrpcFuture@56fd6ec7[status=PENDING, info=[GrpcFuture{clientCall=PendingCall{realCall=ClientCallImpl{method=MethodDescriptor{fullMethodName=Request/request, type=UNARY, idempotent=false, safe=false, sampledToLocalTracing=true, requestMarshaller=com.alibaba.nacos.shaded.io.grpc.protobuf.lite.ProtoLiteUtils$MessageMarshaller@33662649, responseMarshaller=com.alibaba.nacos.shaded.io.grpc.protobuf.lite.ProtoLiteUtils$MessageMarshaller@472c1d6f, schemaDescriptor=com.alibaba.nacos.api.grpc.auto.RequestGrpc$RequestMethodDescriptorSupplier@4457d3f3}}}}]]
	at com.alibaba.nacos.shaded.com.google.common.util.concurrent.AbstractFuture.get(AbstractFuture.java:531)
	at com.alibaba.nacos.common.remote.client.grpc.GrpcClient.serverCheck(GrpcClient.java:243)
	at com.alibaba.nacos.common.remote.client.grpc.GrpcClient.connectToServer(GrpcClient.java:367)
	at com.alibaba.nacos.common.remote.client.RpcClient.reconnect(RpcClient.java:502)
	at com.alibaba.nacos.common.remote.client.RpcClient.lambda$start$1(RpcClient.java:329)
	at java.base/java.util.concurrent.Executors$RunnableAdapter.call(Executors.java:539)
	at java.base/java.util.concurrent.FutureTask.run(FutureTask.java:264)
	at java.base/java.util.concurrent.ScheduledThreadPoolExecutor$ScheduledFutureTask.run(ScheduledThreadPoolExecutor.java:304)
	at java.base/java.util.concurrent.ThreadPoolExecutor.runWorker(ThreadPoolExecutor.java:1136)
	at java.base/java.util.concurrent.ThreadPoolExecutor$Worker.run(ThreadPoolExecutor.java:635)
	at java.base/java.lang.Thread.run(Thread.java:842)
2026-01-25 16:54:03.547 [com.alibaba.nacos.client.remote.worker.1] INFO  com.alibaba.nacos.common.remote.client:63 - [186ef5d9-938e-451e-a735-887fe162fb60_config-0] Fail to connect server, after trying 4 times, last try server is {serverIp = '10.0.15.26', server main port = 8848}, error = unknown
2026-01-25 16:54:04.062 [com.alibaba.nacos.client.remote.worker.1] INFO  c.a.nacos.common.remote.client.grpc.GrpcClient:210 - grpc client connection server:10.0.15.26 ip,serverPort:9848,grpcTslConfig:{"sslProvider":"","enableTls":false,"mutualAuthEnable":false,"trustAll":false}
2026-01-25 16:54:04.111 [com.alibaba.nacos.client.remote.worker.1] INFO  com.alibaba.nacos.common.remote.client:63 - [186ef5d9-938e-451e-a735-887fe162fb60_config-0] Success to connect a server [10.0.15.26:8848], connectionId = 1769331244917_10.30.30.97_56277
2026-01-25 16:54:04.111 [com.alibaba.nacos.client.remote.worker.1] INFO  com.alibaba.nacos.common.remote.client:63 - [186ef5d9-938e-451e-a735-887fe162fb60_config-0] Abandon prev connection, server is 10.0.15.26:8848, connectionId is 1769330691599_10.30.30.97_65077
2026-01-25 16:54:04.111 [com.alibaba.nacos.client.remote.worker.1] INFO  com.alibaba.nacos.common.remote.client:584 - Close current connection 1769330691599_10.30.30.97_65077
2026-01-25 16:54:04.112 [com.alibaba.nacos.client.remote.worker.0] INFO  com.alibaba.nacos.common.remote.client:63 - [186ef5d9-938e-451e-a735-887fe162fb60_config-0] Notify disconnected event to listeners
2026-01-25 16:54:04.112 [com.alibaba.nacos.client.remote.worker.0] INFO  com.alibaba.nacos.client.config.impl.ClientWorker:720 - [186ef5d9-938e-451e-a735-887fe162fb60_config-0] DisConnected,clear listen context...
2026-01-25 16:54:04.112 [com.alibaba.nacos.client.remote.worker.0] INFO  com.alibaba.nacos.common.remote.client:63 - [186ef5d9-938e-451e-a735-887fe162fb60_config-0] Notify connected event to listeners.
2026-01-25 16:54:04.112 [com.alibaba.nacos.client.remote.worker.0] INFO  com.alibaba.nacos.client.config.impl.ClientWorker:713 - [186ef5d9-938e-451e-a735-887fe162fb60_config-0] Connected,notify listen context...
